[{"model": "admin.logentry", "pk": 164, "fields": {"action_time": "2021-03-22T19:32:32.804Z", "user": 3, "content_type": 8, "object_id": "3", "object_repr": "paulloy020896@gmail.com", "action_flag": 2, "change_message": "[{\"changed\": {\"fields\": [\"Verified\", \"Primary\"]}}]"}}, {"model": "admin.logentry", "pk": 165, "fields": {"action_time": "2021-03-24T21:13:55.748Z", "user": 3, "content_type": 16, "object_id": "e9f9551c-5146-4d07-8f52-a3362c6bf1bf", "object_repr": "ghj,ghj", "action_flag": 1, "change_message": "[{\"added\": {}}]"}}, {"model": "admin.logentry", "pk": 166, "fields": {"action_time": "2021-03-24T21:14:09.392Z", "user": 3, "content_type": 16, "object_id": "15110c61-f0df-46ea-9302-c0043ef74aff", "object_repr": "fhj,fj", "action_flag": 1, "change_message": "[{\"added\": {}}]"}}, {"model": "admin.logentry", "pk": 167, "fields": {"action_time": "2021-03-24T21:14:29.799Z", "user": 3, "content_type": 16, "object_id": "35171eef-79d2-4f88-b11e-ac41c5ed40a2", "object_repr": "fhj,", "action_flag": 1, "change_message": "[{\"added\": {}}]"}}, {"model": "admin.logentry", "pk": 168, "fields": {"action_time": "2021-03-25T11:47:12.785Z", "user": 3, "content_type": 16, "object_id": "8ddf3c74-cae5-4367-b5b9-94944f998550", "object_repr": "test form", "action_flag": 3, "change_message": ""}}, {"model": "admin.logentry", "pk": 169, "fields": {"action_time": "2021-03-25T11:52:03.365Z", "user": 3, "content_type": 16, "object_id": "02010cc1-6522-48ba-a88a-5742b7058a20", "object_repr": "", "action_flag": 3, "change_message": ""}}, {"model": "admin.logentry", "pk": 170, "fields": {"action_time": "2021-03-25T11:52:10.725Z", "user": 3, "content_type": 16, "object_id": "62b4bc1c-1903-4f6e-b29b-1236b632ffab", "object_repr": "", "action_flag": 3, "change_message": ""}}, {"model": "admin.logentry", "pk": 171, "fields": {"action_time": "2021-03-25T11:52:17.600Z", "user": 3, "content_type": 16, "object_id": "6af0afe4-86b8-4877-b8c1-a65563e5a540", "object_repr": "", "action_flag": 3, "change_message": ""}}, {"model": "admin.logentry", "pk": 172, "fields": {"action_time": "2021-03-25T11:52:40.059Z", "user": 3, "content_type": 16, "object_id": "49d896bd-9225-4068-b2de-bf07d6e1a8b0", "object_repr": "test formset", "action_flag": 3, "change_message": ""}}, {"model": "admin.logentry", "pk": 173, "fields": {"action_time": "2021-03-25T11:53:00.694Z", "user": 3, "content_type": 16, "object_id": "4581d3a9-b2ee-4284-bf12-6717a7a508ec", "object_repr": "test formset", "action_flag": 3, "change_message": ""}}, {"model": "admin.logentry", "pk": 174, "fields": {"action_time": "2021-03-25T11:53:09.201Z", "user": 3, "content_type": 16, "object_id": "85ccf84d-cb28-4175-af6d-76634e44e7a8", "object_repr": "", "action_flag": 3, "change_message": ""}}, {"model": "admin.logentry", "pk": 175, "fields": {"action_time": "2021-03-25T11:53:18.954Z", "user": 3, "content_type": 16, "object_id": "eca48bd7-c2c3-4fdb-a8af-f20dbdf2d3ad", "object_repr": "", "action_flag": 3, "change_message": ""}}, {"model": "admin.logentry", "pk": 176, "fields": {"action_time": "2021-03-25T11:53:29.691Z", "user": 3, "content_type": 16, "object_id": "f5831881-0b76-4f87-afa6-dbf429851e3c", "object_repr": "", "action_flag": 3, "change_message": ""}}, {"model": "admin.logentry", "pk": 177, "fields": {"action_time": "2021-03-25T11:53:39.527Z", "user": 3, "content_type": 16, "object_id": "f8222630-14d3-4ed7-97c9-5a0bc529eca0", "object_repr": "", "action_flag": 3, "change_message": ""}}, {"model": "admin.logentry", "pk": 178, "fields": {"action_time": "2021-03-25T11:56:41.317Z", "user": 3, "content_type": 16, "object_id": "358c5337-cd74-4bc3-8ae6-e11e6e61739a", "object_repr": "test formset", "action_flag": 3, "change_message": ""}}, {"model": "admin.logentry", "pk": 179, "fields": {"action_time": "2021-03-25T11:56:48.859Z", "user": 3, "content_type": 16, "object_id": "0a6eb89d-9beb-49c5-a3c6-2b33a2f13f34", "object_repr": "product name", "action_flag": 3, "change_message": ""}}, {"model": "admin.logentry", "pk": 180, "fields": {"action_time": "2021-03-25T11:56:57.997Z", "user": 3, "content_type": 16, "object_id": "3fdccc00-c7ce-4c70-b9f2-38a714b0e9d4", "object_repr": "inline formset", "action_flag": 3, "change_message": ""}}, {"model": "admin.logentry", "pk": 181, "fields": {"action_time": "2021-03-25T11:57:03.731Z", "user": 3, "content_type": 16, "object_id": "4c4bcde0-950d-4bd8-b026-4dc6663fa744", "object_repr": "product name", "action_flag": 3, "change_message": ""}}, {"model": "admin.logentry", "pk": 182, "fields": {"action_time": "2021-03-25T11:57:16.197Z", "user": 3, "content_type": 16, "object_id": "4dcb4c28-348e-4470-8bca-663ba6eeafb7", "object_repr": "test formset", "action_flag": 3, "change_message": ""}}, {"model": "admin.logentry", "pk": 183, "fields": {"action_time": "2021-03-25T11:57:42.585Z", "user": 3, "content_type": 16, "object_id": "4e7e82aa-2ce8-4c6f-9dae-97de54522d44", "object_repr": "product name", "action_flag": 3, "change_message": ""}}, {"model": "admin.logentry", "pk": 184, "fields": {"action_time": "2021-03-25T11:57:42.655Z", "user": 3, "content_type": 16, "object_id": "5927dbf8-a087-4dfd-a413-bca7010b7df2", "object_repr": "product name", "action_flag": 3, "change_message": ""}}, {"model": "admin.logentry", "pk": 185, "fields": {"action_time": "2021-03-25T11:57:42.695Z", "user": 3, "content_type": 16, "object_id": "8f101b8e-72d9-446c-922e-43b4ca8fa440", "object_repr": "product name", "action_flag": 3, "change_message": ""}}, {"model": "admin.logentry", "pk": 186, "fields": {"action_time": "2021-03-25T11:57:42.733Z", "user": 3, "content_type": 16, "object_id": "9e28411c-93dd-4ee1-b561-46380fb5e4a9", "object_repr": "product name", "action_flag": 3, "change_message": ""}}, {"model": "admin.logentry", "pk": 187, "fields": {"action_time": "2021-03-25T11:57:42.772Z", "user": 3, "content_type": 16, "object_id": "b35a49a7-3c86-4cb7-af2c-93b3b60bcaac", "object_repr": "product name", "action_flag": 3, "change_message": ""}}, {"model": "admin.logentry", "pk": 188, "fields": {"action_time": "2021-03-25T11:57:42.813Z", "user": 3, "content_type": 16, "object_id": "d3f4bcc5-9d05-483b-8067-b1ee62889542", "object_repr": "product name", "action_flag": 3, "change_message": ""}}, {"model": "admin.logentry", "pk": 189, "fields": {"action_time": "2021-03-25T11:58:05.083Z", "user": 3, "content_type": 16, "object_id": "de6e907b-e9df-4609-89cf-cf9ecfa638b0", "object_repr": "test this formset please", "action_flag": 3, "change_message": ""}}, {"model": "auth.permission", "pk": 1, "fields": {"name": "Can add log entry", "content_type": 1, "codename": "add_logentry"}}, {"model": "auth.permission", "pk": 2, "fields": {"name": "Can change log entry", "content_type": 1, "codename": "change_logentry"}}, {"model": "auth.permission", "pk": 3, "fields": {"name": "Can delete log entry", "content_type": 1, "codename": "delete_logentry"}}, {"model": "auth.permission", "pk": 4, "fields": {"name": "Can view log entry", "content_type": 1, "codename": "view_logentry"}}, {"model": "auth.permission", "pk": 5, "fields": {"name": "Can add permission", "content_type": 2, "codename": "add_permission"}}, {"model": "auth.permission", "pk": 6, "fields": {"name": "Can change permission", "content_type": 2, "codename": "change_permission"}}, {"model": "auth.permission", "pk": 7, "fields": {"name": "Can delete permission", "content_type": 2, "codename": "delete_permission"}}, {"model": "auth.permission", "pk": 8, "fields": {"name": "Can view permission", "content_type": 2, "codename": "view_permission"}}, {"model": "auth.permission", "pk": 9, "fields": {"name": "Can add group", "content_type": 3, "codename": "add_group"}}, {"model": "auth.permission", "pk": 10, "fields": {"name": "Can change group", "content_type": 3, "codename": "change_group"}}, {"model": "auth.permission", "pk": 11, "fields": {"name": "Can delete group", "content_type": 3, "codename": "delete_group"}}, {"model": "auth.permission", "pk": 12, "fields": {"name": "Can view group", "content_type": 3, "codename": "view_group"}}, {"model": "auth.permission", "pk": 13, "fields": {"name": "Can add user", "content_type": 4, "codename": "add_user"}}, {"model": "auth.permission", "pk": 14, "fields": {"name": "Can change user", "content_type": 4, "codename": "change_user"}}, {"model": "auth.permission", "pk": 15, "fields": {"name": "Can delete user", "content_type": 4, "codename": "delete_user"}}, {"model": "auth.permission", "pk": 16, "fields": {"name": "Can view user", "content_type": 4, "codename": "view_user"}}, {"model": "auth.permission", "pk": 17, "fields": {"name": "Can add content type", "content_type": 5, "codename": "add_contenttype"}}, {"model": "auth.permission", "pk": 18, "fields": {"name": "Can change content type", "content_type": 5, "codename": "change_contenttype"}}, {"model": "auth.permission", "pk": 19, "fields": {"name": "Can delete content type", "content_type": 5, "codename": "delete_contenttype"}}, {"model": "auth.permission", "pk": 20, "fields": {"name": "Can view content type", "content_type": 5, "codename": "view_contenttype"}}, {"model": "auth.permission", "pk": 21, "fields": {"name": "Can add session", "content_type": 6, "codename": "add_session"}}, {"model": "auth.permission", "pk": 22, "fields": {"name": "Can change session", "content_type": 6, "codename": "change_session"}}, {"model": "auth.permission", "pk": 23, "fields": {"name": "Can delete session", "content_type": 6, "codename": "delete_session"}}, {"model": "auth.permission", "pk": 24, "fields": {"name": "Can view session", "content_type": 6, "codename": "view_session"}}, {"model": "auth.permission", "pk": 25, "fields": {"name": "Can add site", "content_type": 7, "codename": "add_site"}}, {"model": "auth.permission", "pk": 26, "fields": {"name": "Can change site", "content_type": 7, "codename": "change_site"}}, {"model": "auth.permission", "pk": 27, "fields": {"name": "Can delete site", "content_type": 7, "codename": "delete_site"}}, {"model": "auth.permission", "pk": 28, "fields": {"name": "Can view site", "content_type": 7, "codename": "view_site"}}, {"model": "auth.permission", "pk": 29, "fields": {"name": "Can add email address", "content_type": 8, "codename": "add_emailaddress"}}, {"model": "auth.permission", "pk": 30, "fields": {"name": "Can change email address", "content_type": 8, "codename": "change_emailaddress"}}, {"model": "auth.permission", "pk": 31, "fields": {"name": "Can delete email address", "content_type": 8, "codename": "delete_emailaddress"}}, {"model": "auth.permission", "pk": 32, "fields": {"name": "Can view email address", "content_type": 8, "codename": "view_emailaddress"}}, {"model": "auth.permission", "pk": 33, "fields": {"name": "Can add email confirmation", "content_type": 9, "codename": "add_emailconfirmation"}}, {"model": "auth.permission", "pk": 34, "fields": {"name": "Can change email confirmation", "content_type": 9, "codename": "change_emailconfirmation"}}, {"model": "auth.permission", "pk": 35, "fields": {"name": "Can delete email confirmation", "content_type": 9, "codename": "delete_emailconfirmation"}}, {"model": "auth.permission", "pk": 36, "fields": {"name": "Can view email confirmation", "content_type": 9, "codename": "view_emailconfirmation"}}, {"model": "auth.permission", "pk": 37, "fields": {"name": "Can add social account", "content_type": 10, "codename": "add_socialaccount"}}, {"model": "auth.permission", "pk": 38, "fields": {"name": "Can change social account", "content_type": 10, "codename": "change_socialaccount"}}, {"model": "auth.permission", "pk": 39, "fields": {"name": "Can delete social account", "content_type": 10, "codename": "delete_socialaccount"}}, {"model": "auth.permission", "pk": 40, "fields": {"name": "Can view social account", "content_type": 10, "codename": "view_socialaccount"}}, {"model": "auth.permission", "pk": 41, "fields": {"name": "Can add social application", "content_type": 11, "codename": "add_socialapp"}}, {"model": "auth.permission", "pk": 42, "fields": {"name": "Can change social application", "content_type": 11, "codename": "change_socialapp"}}, {"model": "auth.permission", "pk": 43, "fields": {"name": "Can delete social application", "content_type": 11, "codename": "delete_socialapp"}}, {"model": "auth.permission", "pk": 44, "fields": {"name": "Can view social application", "content_type": 11, "codename": "view_socialapp"}}, {"model": "auth.permission", "pk": 45, "fields": {"name": "Can add social application token", "content_type": 12, "codename": "add_socialtoken"}}, {"model": "auth.permission", "pk": 46, "fields": {"name": "Can change social application token", "content_type": 12, "codename": "change_socialtoken"}}, {"model": "auth.permission", "pk": 47, "fields": {"name": "Can delete social application token", "content_type": 12, "codename": "delete_socialtoken"}}, {"model": "auth.permission", "pk": 48, "fields": {"name": "Can view social application token", "content_type": 12, "codename": "view_socialtoken"}}, {"model": "auth.permission", "pk": 49, "fields": {"name": "Can add product type", "content_type": 13, "codename": "add_producttype"}}, {"model": "auth.permission", "pk": 50, "fields": {"name": "Can change product type", "content_type": 13, "codename": "change_producttype"}}, {"model": "auth.permission", "pk": 51, "fields": {"name": "Can delete product type", "content_type": 13, "codename": "delete_producttype"}}, {"model": "auth.permission", "pk": 52, "fields": {"name": "Can view product type", "content_type": 13, "codename": "view_producttype"}}, {"model": "auth.permission", "pk": 53, "fields": {"name": "Can add product sizes quantity", "content_type": 14, "codename": "add_productsizesquantity"}}, {"model": "auth.permission", "pk": 54, "fields": {"name": "Can change product sizes quantity", "content_type": 14, "codename": "change_productsizesquantity"}}, {"model": "auth.permission", "pk": 55, "fields": {"name": "Can delete product sizes quantity", "content_type": 14, "codename": "delete_productsizesquantity"}}, {"model": "auth.permission", "pk": 56, "fields": {"name": "Can view product sizes quantity", "content_type": 14, "codename": "view_productsizesquantity"}}, {"model": "auth.permission", "pk": 57, "fields": {"name": "Can add product gender", "content_type": 15, "codename": "add_productgender"}}, {"model": "auth.permission", "pk": 58, "fields": {"name": "Can change product gender", "content_type": 15, "codename": "change_productgender"}}, {"model": "auth.permission", "pk": 59, "fields": {"name": "Can delete product gender", "content_type": 15, "codename": "delete_productgender"}}, {"model": "auth.permission", "pk": 60, "fields": {"name": "Can view product gender", "content_type": 15, "codename": "view_productgender"}}, {"model": "auth.permission", "pk": 61, "fields": {"name": "Can add product", "content_type": 16, "codename": "add_product"}}, {"model": "auth.permission", "pk": 62, "fields": {"name": "Can change product", "content_type": 16, "codename": "change_product"}}, {"model": "auth.permission", "pk": 63, "fields": {"name": "Can delete product", "content_type": 16, "codename": "delete_product"}}, {"model": "auth.permission", "pk": 64, "fields": {"name": "Can view product", "content_type": 16, "codename": "view_product"}}, {"model": "auth.permission", "pk": 65, "fields": {"name": "Can add product category", "content_type": 17, "codename": "add_productcategory"}}, {"model": "auth.permission", "pk": 66, "fields": {"name": "Can change product category", "content_type": 17, "codename": "change_productcategory"}}, {"model": "auth.permission", "pk": 67, "fields": {"name": "Can delete product category", "content_type": 17, "codename": "delete_productcategory"}}, {"model": "auth.permission", "pk": 68, "fields": {"name": "Can view product category", "content_type": 17, "codename": "view_productcategory"}}, {"model": "auth.permission", "pk": 69, "fields": {"name": "Can add product sizes stock", "content_type": 18, "codename": "add_productsizesstock"}}, {"model": "auth.permission", "pk": 70, "fields": {"name": "Can change product sizes stock", "content_type": 18, "codename": "change_productsizesstock"}}, {"model": "auth.permission", "pk": 71, "fields": {"name": "Can delete product sizes stock", "content_type": 18, "codename": "delete_productsizesstock"}}, {"model": "auth.permission", "pk": 72, "fields": {"name": "Can view product sizes stock", "content_type": 18, "codename": "view_productsizesstock"}}, {"model": "auth.permission", "pk": 73, "fields": {"name": "Can add order", "content_type": 19, "codename": "add_order"}}, {"model": "auth.permission", "pk": 74, "fields": {"name": "Can change order", "content_type": 19, "codename": "change_order"}}, {"model": "auth.permission", "pk": 75, "fields": {"name": "Can delete order", "content_type": 19, "codename": "delete_order"}}, {"model": "auth.permission", "pk": 76, "fields": {"name": "Can view order", "content_type": 19, "codename": "view_order"}}, {"model": "auth.permission", "pk": 77, "fields": {"name": "Can add order line item", "content_type": 20, "codename": "add_orderlineitem"}}, {"model": "auth.permission", "pk": 78, "fields": {"name": "Can change order line item", "content_type": 20, "codename": "change_orderlineitem"}}, {"model": "auth.permission", "pk": 79, "fields": {"name": "Can delete order line item", "content_type": 20, "codename": "delete_orderlineitem"}}, {"model": "auth.permission", "pk": 80, "fields": {"name": "Can view order line item", "content_type": 20, "codename": "view_orderlineitem"}}, {"model": "auth.permission", "pk": 81, "fields": {"name": "Can add user profile", "content_type": 21, "codename": "add_userprofile"}}, {"model": "auth.permission", "pk": 82, "fields": {"name": "Can change user profile", "content_type": 21, "codename": "change_userprofile"}}, {"model": "auth.permission", "pk": 83, "fields": {"name": "Can delete user profile", "content_type": 21, "codename": "delete_userprofile"}}, {"model": "auth.permission", "pk": 84, "fields": {"name": "Can view user profile", "content_type": 21, "codename": "view_userprofile"}}, {"model": "auth.user", "pk": 3, "fields": {"password": "pbkdf2_sha256$216000$FP0xx3ljkQlv$89Jfu4GQ6Iv/PdqRTR3qJrsQki5ys1chmeAqRmhgxxI=", "last_login": "2021-03-26T19:51:43.643Z", "is_superuser": true, "username": "PabL01", "first_name": "", "last_name": "", "email": "paulloy020896@gmail.com", "is_staff": true, "is_active": true, "date_joined": "2021-03-22T13:46:33.251Z", "groups": [], "user_permissions": []}}, {"model": "contenttypes.contenttype", "pk": 1, "fields": {"app_label": "admin", "model": "logentry"}}, {"model": "contenttypes.contenttype", "pk": 2, "fields": {"app_label": "auth", "model": "permission"}}, {"model": "contenttypes.contenttype", "pk": 3, "fields": {"app_label": "auth", "model": "group"}}, {"model": "contenttypes.contenttype", "pk": 4, "fields": {"app_label": "auth", "model": "user"}}, {"model": "contenttypes.contenttype", "pk": 5, "fields": {"app_label": "contenttypes", "model": "contenttype"}}, {"model": "contenttypes.contenttype", "pk": 6, "fields": {"app_label": "sessions", "model": "session"}}, {"model": "contenttypes.contenttype", "pk": 7, "fields": {"app_label": "sites", "model": "site"}}, {"model": "contenttypes.contenttype", "pk": 8, "fields": {"app_label": "account", "model": "emailaddress"}}, {"model": "contenttypes.contenttype", "pk": 9, "fields": {"app_label": "account", "model": "emailconfirmation"}}, {"model": "contenttypes.contenttype", "pk": 10, "fields": {"app_label": "socialaccount", "model": "socialaccount"}}, {"model": "contenttypes.contenttype", "pk": 11, "fields": {"app_label": "socialaccount", "model": "socialapp"}}, {"model": "contenttypes.contenttype", "pk": 12, "fields": {"app_label": "socialaccount", "model": "socialtoken"}}, {"model": "contenttypes.contenttype", "pk": 13, "fields": {"app_label": "products", "model": "producttype"}}, {"model": "contenttypes.contenttype", "pk": 14, "fields": {"app_label": "products", "model": "productsizesquantity"}}, {"model": "contenttypes.contenttype", "pk": 15, "fields": {"app_label": "products", "model": "productgender"}}, {"model": "contenttypes.contenttype", "pk": 16, "fields": {"app_label": "products", "model": "product"}}, {"model": "contenttypes.contenttype", "pk": 17, "fields": {"app_label": "products", "model": "productcategory"}}, {"model": "contenttypes.contenttype", "pk": 18, "fields": {"app_label": "products", "model": "productsizesstock"}}, {"model": "contenttypes.contenttype", "pk": 19, "fields": {"app_label": "checkout", "model": "order"}}, {"model": "contenttypes.contenttype", "pk": 20, "fields": {"app_label": "checkout", "model": "orderlineitem"}}, {"model": "contenttypes.contenttype", "pk": 21, "fields": {"app_label": "profiles", "model": "userprofile"}}, {"model": "sessions.session", "pk": "0cm7juq7lhtdp04y8eyyrepxq5hag7db", "fields": {"session_data": "e30:1lLvNz:a3K1F-bbrBchK3DgubknaQSn4HxyQtQBEpJ9Lp_1mac", "expire_date": "2021-03-29T22:08:27.858Z"}}, {"model": "sessions.session", "pk": "4bga53i6qgrpyjvy7mbb6rifbilwbiwk", "fields": {"session_data": ".eJxVjUtuwyAQhu_COrYwrwHv0iv0AGiAoUaN7MhgqW3Uu9dUWbSz-x_z_Q_m8WiLPyrtviQ2M8kuf72A8Z3WHuDt1u0RY9yOtY2_nWdcx-upaG0lYivb-vL8-odasC6d40ABgiSebBZWTMq4yLWBSCGDNgmsNOgmsgJUlMhFjlk76RDzJLXt0Eq1njOePu5l_2TzJLgznF9YwDc2P1iIAUgQDFoGGJRGGFAEOXCuKFlJDnXqvfu-pSM2X8sXdf16or7P-wFB7Fnn:1lPtUr:I0lYOdygVzOgbXLNoD1AB8jLYFbRhzRKHire8DRgi-c", "expire_date": "2021-04-09T20:55:57.699Z"}}, {"model": "sessions.session", "pk": "6mqyj8x0txo31oqe248eozcltm2tb9jf", "fields": {"session_data": "eyJiYWciOnsiMDM0NmMwMWItNTJlNC00MzFjLTg4ZDItMWE3ZDFlMjFlMzFiIjp7InByb2R1Y3Rfc2l6ZSI6eyJYUyI6MX19fX0:1lLpKe:w-prXrD-KpBR2bU1pLzegAtATOFOjAzcdw3O7Es4-yE", "expire_date": "2021-03-29T15:40:36.170Z"}}, {"model": "sessions.session", "pk": "8x8jcygwxo8b9m2zac1r19skg67x3c02", "fields": {"session_data": ".eJxtjEsKwjAQQO8y6w6kyUw-vYMrDyCTOCOCoFi7seTutl27efDg8VaocoNpBc9OonlGjc4hWVAsmRipJGPWGlja3r3ez-vSPpf5_tXdzzCNA5w29j6A-CyJtKEki0hsirmSwyjVu1DL2Lz-u5g8Zj0evf8A_2groQ:1lHYf3:fkbA9EsFuGR9r0yeyJK-FtCrGtdu5c_5fJz_LcFoLwA", "expire_date": "2021-03-17T21:04:01.335Z"}}, {"model": "sessions.session", "pk": "9rkbwr5i5gs4m33glinms5d5tgyfx4tk", "fields": {"session_data": ".eJxVjEFOwzAQRe8y6ypyplbrZMmeM1jjmTExGBvFSUVVcXdcVCF1-977_wbEXPey-YuuKSYVr5-UMsxlz_nwb_emK8yAcADftLVUi9fvr7ReYTad0b4tf5FP0rsRnlgg_tByF_JO5a0OXMu2pjDck-Fh2_BaRfPLo306WKgtfW2QSMWhoyjjiZkRrTOnUZHtcZo6CTGcxToZUe2RBYWngGLYnh0F008bXdSnEivMkXLTn18Mulfo:1lMH1i:uw1f-ncM8N1RTsBGBVkeMJlAot5wCX7jiRftXyxQ5H0", "expire_date": "2021-03-30T21:14:54.855Z"}}, {"model": "sessions.session", "pk": "bu4gddu11w88lgllofl6qqt4gc9ixztx", "fields": {"session_data": "eyJiYWciOnsiOTI4MzA4MTgtNjI0YS00Njk0LTk2YWUtMDYxNGJhMWFhZjkxIjp7InByb2R1Y3Rfc2l6ZSI6eyJNIjoxfX19fQ:1lPBQS:1A2L_C_tmVZ0O0XWYFtBLt_GqCfsY5-vTHHPFrh_Hrw", "expire_date": "2021-04-07T21:52:28.936Z"}}, {"model": "sessions.session", "pk": "daianr2zg173nz36o9n7srlw3h08njdi", "fields": {"session_data": "eyJiYWciOnsiMjUwYTZmMjUtZTYwMC00ZjNlLTk4NDUtNDk3ZjU1ZWIzNWFjIjp7InByb2R1Y3Rfc2l6ZSI6eyJMIjoxfX19fQ:1lPvyB:r0i_4Sgc2aw3AUcqzr532p0jIq1E6xPbn8Njd-zNeLQ", "expire_date": "2021-04-09T23:34:23.077Z"}}, {"model": "sessions.session", "pk": "ds51jq2g23zr5yw3qoipwir5wua2dles", "fields": {"session_data": ".eJxVjcsKgzAQRf8l6yIxMS939UfCOE4wVGIxEVpK_72muGiX93Xui3nYy-z3TJuPE-uZZJdfbwS8UaoBLEu1G0Bc91Sab-eMc3M9FKUSEUpc03Cu_lAz5LlynOkMGEl8skFY0XbaIVfaII3BKD0ZKzW4lqwwHUrgImBQTjqA0EplKzRTzseNp8c9bk_W8_cHnWxDEQ:1lPuv3:NJnyiA6ZthUedlIIP7Uills05epnzzqQ0R6o6j2Mpfw", "expire_date": "2021-04-09T22:27:05.240Z"}}, {"model": "sessions.session", "pk": "dw38kr1g6x5vka46421f7y905615s477", "fields": {"session_data": ".eJxVjU1uxCAMhe_i9SQCQgLDrl33DsgY06BGySiQqu2od2-oZjPevR9_7w4FP9nnNW3gEi6FL-DxqLM_Cu8-R3AwwJMXkD54bQEuS7N7JNqOtfb_nUdc-pdT8VozYc3b-vr4ekLNWOaTIzgpRRgmZh7ixDamOEnUYUyEgqRBTSxkMIORSUUtk52kkTRqy1cW1KCFSzlnPH_d8v4NTlwg4Du4OwwBrxJV7Ea0qtOGVGdVMl3kmBgZUZvUerd9iwdVX_IPN_0GTv6e9wdeNWE0:1lOpm5:rPWOujLU2BNFjBSe1pZHp2PxVHRwUVFYpywA7M-osec", "expire_date": "2021-04-06T22:45:21.207Z"}}, {"model": "sessions.session", "pk": "eep65i6wgh9rf36gezdu9c12g769lyuw", "fields": {"session_data": ".eJx1j8FKBDEMht-l5wlk0qRp5xn0tBdvkrapCILirheXeXe7I3hacwgJ5Pv4cw3VXsJ2DUbZlL2B6UjAMhxyZYRklTDWsjby293H53v_apfn8-v3sQ97O88h7_sSSNDSIAFPiMAjOpTMAlx0iHiNYu2e4zFsaQkPYVuXcJr95lJZJ8sFOhsD95WhxGaAzRpqTtTJ_nEdfG1VnVxBYtX5jykY1QiI7D1HLyb9Hv90-ouxHLLfYPusH9KgVe4:1lHpdW:YfRvylmorxkIR_MdmVMyvAjJj_yf3goqE34xASF-XdE", "expire_date": "2021-03-18T15:11:34.829Z"}}, {"model": "sessions.session", "pk": "eqkv8kqtnzjq6pvci972egzu5uy33dsf", "fields": {"session_data": ".eJx9kMFOwzAQRH_F8tmKHNe0DkfuSFxRU0Xr3W2SAnYV2yfEv-OIIJUDvc68mZHmUw5Q8jSUxMswk3yUrVS3mgd847AadIEwxgZjyMvsmxVpNjc1z5H4_Wlj_xRMkKaa1gaAyRkHZ2r3iGiMdXrfskG767qq-LM_kHXUGrY7JEPYeUMa7cGB12vpB6cEI6dadzz2chguKYZftZdKK_OgenldIhXMAoiYenlS_7C6sq-xCFhYMM15DqMAsaXv5G43ypUg311Z6ZeNrh_xD32SX9-JGn7R:1lMZON:yR1qYYFqiQSTnx5zYodzYSz7lYCUUvaCYeR7LlxvIHk", "expire_date": "2021-03-31T16:51:31.523Z"}}, {"model": "sessions.session", "pk": "euvbgvycxr986g1timkjh4tbk8jtz005", "fields": {"session_data": ".eJxVjMsOwiAQAP-FsyEU-lh69O43kIXdWtSAKW2iMf67kvSg15nJvITDbZ3dVnhxkcQoGnH4ZR7DlVMVdMF0zjLktC7Ry5rI3RZ5ysS3497-DWYsc922WiltCDV3Gixq4_thmBSEpgUdvq6jSRH4nvpg2AwBfcNgyYKyYNs6LVxKzMnx4x6XpxjV-wNSHT5N:1lO6d2:lPgEEBKMeWkKJl0a8h7icOqBXL8pPOVYjj2rZoM01zg", "expire_date": "2021-04-04T22:33:00.654Z"}}, {"model": "sessions.session", "pk": "i880m7moyybze3n2ckjwbqrkherndzwx", "fields": {"session_data": "eyJiYWciOnsiNzE3MGFjZjMtZjkxYS00YjFhLWE4YzEtZDViNjQwZTQxM2M4Ijp7InByb2R1Y3Rfc2l6ZSI6eyJMIjoxfX19fQ:1lPswY:vJ72Um9ycKdSUT1f2rTiSfr4u4zVzwMPOM9EWTwWDeY", "expire_date": "2021-04-09T20:20:30.264Z"}}, {"model": "sessions.session", "pk": "icwfq7g4gwnncmykar292ia6h4lp2hry", "fields": {"session_data": ".eJwFwdENwCAIBcBd-C6JIEVwm4fRDtF09969VHhovpQavYUEuxrYPI3Tsbm5WEGAk0LTLoIGhu3FGMfZ7rM5yho7SluvlKWbpnzfDygsF6g:1lHYB4:sUxs2vIDTQEC685kbuK3-h8BohVRbHgiq-c3R_KM-2I", "expire_date": "2021-03-17T20:33:02.988Z"}}, {"model": "sessions.session", "pk": "lvgfjplaeglp4qeijawcrj8r7p4l9ryf", "fields": {"session_data": ".eJxVjEsOgyAUAO_CuiEIfsBl9z0DefCeStuAEU3aGO_ekrhxOzOZnTkYWb8fN2ZhWye7ZVpsQNazil2YA_-iWAQ-IY6J-xTXJTheEn7azB8J6X0_28tggjyVbS2FkApBUiO1Aalc23WD0L6qtfR_1-AgULsWW69IdR5cRdqg0cJoU5dpppxDipY-c1i-rBfHD3d7QRk:1lMywo:rb3V_h0EeHWK-PUUdcpDmBv10WKaM6fEh4eEhoYrGH4", "expire_date": "2021-04-01T20:08:46.572Z"}}, {"model": "sessions.session", "pk": "m9qn14cug5vk8ze3fwoyf2dzwzfo201s", "fields": {"session_data": "eyJiYWciOnsiMjUwYTZmMjUtZTYwMC00ZjNlLTk4NDUtNDk3ZjU1ZWIzNWFjIjp7InByb2R1Y3Rfc2l6ZSI6eyJNIjoxfX19fQ:1lHYdN:eBrdl8K2Z20ZXmCBzfVMIs0QxmodEq88JhNdt0V-_Mo", "expire_date": "2021-03-17T21:02:17.554Z"}}, {"model": "sessions.session", "pk": "mhcmhze3yknce3an4alyu7qje95i9aw8", "fields": {"session_data": ".eJxVj81uAjEMhN8lZ7xKHOdvj733CaoKOY4D_RHbsnCoEO_egDi015nP45mL2fL5tN-eVz1u35qZjTObv1pl-dDDzWjvfNgtkyyH0_GtTjdkerjr9Lw0_Xx6sP8C9rzux7VFZm0ZM_fmooggUrbRKQr5UoZSe02NcnOo5KVhk1KxWaGUudoR-nVc2llO6_b7rMefVU9mfnndmMo7M19MCq5kogKNmICaIyheGKyw2JQjNmQz4-ClJkVNEHxNQIETMFYP1tIo6LVwGHPdxvAom0gFOPU4wK6QK1mIXNH6Wpyg3sGC2dvsMkQkBoplvI6sMOZRZcfci7uDGCzHjgE0WgvUvcLoHIBK6iFo9YHFzP56_QUnw3bM:1lHXzk:sxpRvDlwQFRBeIVT8IJVrXED6IEPONCI0KM8FZ-ZfEA", "expire_date": "2021-03-17T20:21:20.294Z"}}, {"model": "sessions.session", "pk": "ndofsw8ocgwd16f1zw0bj6q4fgq729ip", "fields": {"session_data": ".eJxVkDluAzEMRe-i2hxIFLVNmT5nMEhKsrPABrxUhu8eTuAiacn3vx71cHu-3477-3Vc9h_drS643d-ZsH6N07bon3w6nBc9n26XD1k2ZHltr8v7uY_vtxf7r-DI16OlPTKPXrHy7CGrKiJVn8NApdiaTWRK6VR7wEFRO3Ztgt0rlcrirVT44NaHE5UycBRIUQpQ4gKMEsF7sgfiaJxMN-0cJs95YoKRvQeacUCrlIBamSkNiYnVrXHnGtboa6iQkRgoN4KWeYDpkXBgni24lXaupGAN1KATE1APBkZl8MrqS83Ykd0aDOQwuU8Fab2BJTyIL7h1Ny-ZM4byC9ImMsxMimY7xiIc2oCczIfY_oG9gc_nD6KfeEk:1lHG2L:75IGc6R0qo_5i-g6AdinN-gzHBr0Jsx_q43aJYAnyIw", "expire_date": "2021-03-17T01:10:49.068Z"}}, {"model": "sessions.session", "pk": "p6psa94jwpqisuics9uw7nrw3ryay8h4", "fields": {"session_data": ".eJxVjcsKgzAQRf8l6yIxMS939UfCOE4wVGIxEVpK_72muGiX93Xui3nYy-z3TJuPE-uZZJdfbwS8UaoBLEu1G0Bc91Sab-eMc3M9FKUSEUpc03Cu_lAz5LlynOkMGEl8skFY0XbaIVfaII3BKD0ZKzW4lqwwHUrgImBQTjqA0EplKzRTzseNp8c9bk_W8_cHnWxDEQ:1lPXbk:7Tf51Pb0GH6tLodcDU-iZqpGKHO9_bbjDW7lX8oSDTA", "expire_date": "2021-04-08T21:33:36.840Z"}}, {"model": "sessions.session", "pk": "q0btn2mhpl2q7xcrhvi3l9chs4ft05nh", "fields": {"session_data": ".eJxVjMsOwiAQAP-FsyEU-lh69O43kIXdWtSAKW2iMf67kvSg15nJvITDbZ3dVnhxkcQoGnH4ZR7DlVMVdMF0zjLktC7Ry5rI3RZ5ysS3497-DWYsc922WiltCDV3Gixq4_thmBSEpgUdvq6jSRH4nvpg2AwBfcNgyYKyYNs6LVxKzMnx4x6XpxjV-wNSHT5N:1lNe8M:UE3arSh1NZNj8fM58tnh2a8NTu6sbD1GQfYORGc02VE", "expire_date": "2021-04-03T16:07:26.487Z"}}, {"model": "sessions.session", "pk": "sr02cnn28bj27wrhazo5avzx5cfzjsnx", "fields": {"session_data": ".eJxVjU1uxCAMhe_idRIBYSCwa6_QAyBjTIM6SkaBVG1HvXuTahatd-_H37tDwL3NYa-8hZLAwwjdXy8ivfFyBni9nvaAROu-tOG384jr8HQoXlohbGVdnh9f_1Az1vngCM5KEUbDzGMyPKWcjEQdL5lQkLSoiYWMdrQyq6Rlnoy0ki56YseCTmjlWo-ZwB-3sn2CFx1UfOdQlryCb9vOHUR8BX8HizJjytRHl1yvtRN9FFb12jgnokGjpD17t21NO7VQyxef-gW8_D7uB6AJX9c:1lPCG1:UEwynJVFlebnTjdfxp_ihiNGmAjU-xatwftEpBGjnec", "expire_date": "2021-04-07T22:45:45.417Z"}}, {"model": "sessions.session", "pk": "tozczpocz6cn8qztfy1vza7jme8mwqih", "fields": {"session_data": ".eJxVjU0OgyAQhe_CujGgCNZdvQgZhiGSGmwcbNo0vXu1cePy_X3vIxie5FKOs-gjTEwX4WAto1uZFpeC6EUjTp4HvFPeA5im3a4AcV5zqf6dI-bqtinKJSGUNOfhWJ1QI_C4cSTFukbwhoiaYKgLMRgF2rcRQaKyoJGk8raxKtZBq9gZZRW2uqMrSdyhTMzbjaPXIy1v0cvvD1opSwM:1lOSFp:K7PadSg8U4g5vul-f_ukk30_JjBHhEiuVj_jh4v1Oeg", "expire_date": "2021-04-05T21:38:29.417Z"}}, {"model": "sessions.session", "pk": "viqsdu1ejs449sepjtm2mj46bd3wikcr", "fields": {"session_data": ".eJxVjU0OgjAQhe_SNSEtlBbZ6UWa6XQaGkkxTDEa490Fw0KX7-97L-FgLaNbmRaXghhEK6pfzwNeKe8BTNNu14A4r7nU384Rc33eFOWSEEqa8-VY_aFG4HHjSIpNg-ANEbXBUB9iMAq07yKCRGVBI0nlbWtVbIJWsTfKKux0TyeSuEOZmLcbR49bWp5ikJVguJNLOc5iiDAxvT8Xb0sD:1lOryv:KiyWPYgptVRewrW9LxMOpW1dwDxTFyzOc1VK-nBvzAc", "expire_date": "2021-04-07T01:06:45.034Z"}}, {"model": "sites.site", "pk": 1, "fields": {"domain": "brazenmma.example.com", "name": "Brazen MMA"}}, {"model": "account.emailaddress", "pk": 3, "fields": {"user": 3, "email": "paulloy020896@gmail.com", "verified": true, "primary": true}}, {"model": "products.product", "pk": "0346c01b-52e4-431c-88d2-1a7d1e21e31b", "fields": {"name": "Valor Bravura Deluxe BJJ GI White", "description": "Hyperlyte weave offers superior strength and cut for mobility.\r\nUsing 350gr. superfine woven cotton and 08.twill pants.\r\nHyperlyte Gi offers same cut than our Hyperfly. \r\nThis is a perfect academy every day training kimono. \r\nHyperFly Gi's are not pre-shrunk. Wash cold and hang dry.", "gender": "men", "sale": true, "rrp": "89.99", "price": "79.99", "category": "bjj", "product_type": "gi", "image": "product_images/Valor_Bravura_Deluxe_BJJ_GI_White.jpg"}}, {"model": "products.product", "pk": "14f8e684-7f9a-4790-89b2-40499b88b1c8", "fields": {"name": "Venum Contender 5.0 Spats White Camo", "description": "The Contender 5.0 Legging can be worn alone or under the Contender 5.0 sports shorts. These compression pants offer many advantages: thin and elastic, they provide an incomparable freedom of movement while protecting from friction thanks to the durability of its fabric. It also facilitates the athletes recovery thanks to the optimal muscular compression.\r\nThe second skin effect of leggings or spats makes them extremely comfortable and perfectly suited to many disciplines, from MMA to grappling, wrestling, muay thai or cross-training.", "gender": "men", "sale": false, "rrp": "45.00", "price": "45.00", "category": "bjj", "product_type": "spats", "image": "product_images/Venum_Contender_5.0_Spats_White_Camo.jpg"}}, {"model": "products.product", "pk": "15110c61-f0df-46ea-9302-c0043ef74aff", "fields": {"name": "fhj,fj", "description": "fjh,fjh,f", "gender": "select gender", "sale": false, "rrp": "10.00", "price": "10.00", "category": "muay thai", "product_type": "select type", "image": "product_images/Fairtex_Boxing_Gloves_X_Glory_Lace-up_Black.jpg"}}, {"model": "products.product", "pk": "198954f7-f6b2-44bf-859a-ed5b24d3fff1", "fields": {"name": "Exploration Premium BJJ Shorts", "description": "The Exploration Premium BJJ/MMA Shorts feature a striking and vivid image of a ship and sea monster about to engage in an epic battle. These MMA shorts are designed for high intensity training with tear resistant and fast drying fabric. Customize your workout wardrobe with BJJ shorts made to match your body and style.\r\nMixture of Polyester and Spandex. This makes this highly strong, durable, flexible, stretchable, non-shrinkable and lightweight to give its maximum comfort.", "gender": "men", "sale": true, "rrp": "79.99", "price": "56.99", "category": "bjj", "product_type": "shorts", "image": "product_images/Exploration_Premium_BJJ_Shorts.jpg"}}, {"model": "products.product", "pk": "1af4025f-33a0-4ed8-85cb-33a4ca2487ba", "fields": {"name": "Ladies Japan Series Maple Koi GI", "description": "Following on from the success of the Japan Series Rash Guards, Tatami now introduce to you the same designs in BJJ Gi format. The Maple Koi Gi has the maple koi design printed on the inner jacket. It is manufactured on a black coloured jacket to really make the koi depiction stand out. Also finished off with Japanese embroidered flower emblems, to add a touch off authenticity.", "gender": "women", "sale": true, "rrp": "110.00", "price": "60.00", "category": "bjj", "product_type": "gi", "image": "product_images/Ladies_Japan_Series_Maple_Koi_GI.webp"}}, {"model": "products.product", "pk": "250a6f25-e600-4f3e-9845-497f55eb35ac", "fields": {"name": "Venum Gladiator 3.0 MMA Gloves Matte Black", "description": "Venum Gladiator 3.0 MMA Gloves are a perfect combination of quality and style!\r\n\r\nThey provide maximum protection of the hand, even during your most powerful punches, with a high density foam and specific reinforcements placed on each finger.\r\n\r\nThe Gladiator 3.0 MMA gloves have a Velcro closure system that provides superior wrist support maximizing the power of strikes and prevention of injuries.\r\n\r\nThe design of these Venum MMA gloves were created with beautiful graphics inspired by the gladiators.", "gender": "unisex", "sale": false, "rrp": "57.98", "price": "57.98", "category": "mma", "product_type": "gloves", "image": "product_images/Venum_Gladiator_3.0_MMA_Gloves_Matte_Black.jpg"}}, {"model": "products.product", "pk": "2c0d7b17-9472-4421-b52f-4827767b4cda", "fields": {"name": "Combat Athletics Essential V2 8oz MMA Sparring Gloves", "description": "Combat Athletics introduces Version 2 of their Essential range 8oz MMA gloves which are made with synthetic leather DX (Vinyl). Designed using a high compression foam padding and velcro closure; they have been made to ensure a comfortable and safe fitting glove. The MMA gloves also contain an anti bacterial lining, a padded knuckle and thumb and a ventilated palm for cooling comfort.", "gender": "unisex", "sale": true, "rrp": "60.00", "price": "45.00", "category": "mma", "product_type": "gloves", "image": "product_images/Combat_Athletics_Essential_V2_8oz_MMA_Sparring_Gloves.jpg"}}, {"model": "products.product", "pk": "35171eef-79d2-4f88-b11e-ac41c5ed40a2", "fields": {"name": "fhj,", "description": "fhj,fh", "gender": "select gender", "sale": true, "rrp": "10.00", "price": "10.00", "category": "muay thai", "product_type": "select type", "image": "products/static/                                   product_img/placeholder.jpg"}}, {"model": "products.product", "pk": "3ba91a2d-5a82-47c2-82f7-dedfeaeaa47f", "fields": {"name": "Japanese Torii BJJ Shorts", "description": "The Japanese Torii BJJ/MMA Shorts feature the symbol of the land of the rising sun. These MMA shorts are developed to fit a BJJ fighter's intense lifestyle and will withstand any kind of training. Move with a full range of motion in BJJ shorts which don’t restrict or reduce movement. \r\nFully sublimated graphics that won't crack, peel, or fade over time and maintain a great look.", "gender": "unisex", "sale": false, "rrp": "45.99", "price": "45.99", "category": "bjj", "product_type": "shorts", "image": "product_images/Japanese_Torii_BJJ_Shorts.png"}}, {"model": "products.product", "pk": "3c2f40d9-1a6c-4577-bd29-6df18f1c7d79", "fields": {"name": "Hayabusa T3 Kanpeki MMA Gloves 4oz", "description": "Perfect Fit and Feel.\r\nThe multi-directional Dual-X closure is unmatched when it comes to hand and wrist stabilization for the best protection and injury prevention possible.\r\nIndustry-leading Wrist Support.\r\nThe best closure system ever created. Hayabusa’s patented wrist support technology helps eliminate hand strain to ensure the best in protection and safety.\r\nConsistent Performance and Durability, Punch after Punch.\r\nHayabusa gloves are built to last. The attention to detail and craftsmanship guarantees a glove as resilient as the athletes who use it.", "gender": "unisex", "sale": true, "rrp": "75.00", "price": "60.00", "category": "mma", "product_type": "gloves", "image": "product_images/Hayabusa_T3_Kanpeki_MMA_Gloves_4oz.jpg"}}, {"model": "products.product", "pk": "455ebe3e-b7c6-45fc-a19e-658184a3cda0", "fields": {"name": "Scramble Tanren BJJ Belt White", "description": "The 4th generation of Scramble belt is made of premium belt like material and is long and windy, ideal for tying your Gi up and showing people just how good you are at jiujitsu….impressive. Featuring a few throwbacks in design to the V1 Tanren belt such as some pretty sweet rank bar embroidery and a fancy gold type label (designed to show how fancy and classy your tastes are) this is made to our usual high quality.", "gender": "unisex", "sale": false, "rrp": "17.50", "price": "17.50", "category": "bjj", "product_type": "belts", "image": "product_images/Scramble_Tanren_BJJ_Belt_White.webp"}}, {"model": "products.product", "pk": "4f73039e-5305-4c1c-8c13-d45ca57a8170", "fields": {"name": "Meerkatsu Fire Rooster Rashguard", "description": "Fighting Roosters Rashguard This rashguard is a available in both a regular unisex fit and a women’s cut with the design applied using dye sublimation printing. Stitching is flatlocked for comfort. Also check out the accompanying spats to this design.", "gender": "men", "sale": false, "rrp": "40.00", "price": "40.00", "category": "bjj", "product_type": "rash guards", "image": "product_images/Meerkatsu_Fire_Rooster_Rashguard.jpeg"}}, {"model": "products.product", "pk": "59e04418-356e-4320-9297-73c17e6fa0c9", "fields": {"name": "Valor Hunter Premium Lightweight BJJ GI", "description": "Hyperlyte weave offers superior strength and cut for mobility.\r\nUsing 350gr. superfine woven cotton and 08.twill pants.\r\nHyperlyte Gi offers same cut than our Hyperfly. \r\nThis is a perfect academy every day training kimono. \r\nHyperFly Gi's are not pre-shrunk. Wash cold and hang dry.", "gender": "men", "sale": false, "rrp": "89.99", "price": "89.99", "category": "bjj", "product_type": "gi", "image": "product_images/Valor_Hunter_Premium_Lightweight_BJJ_GI.jpg"}}, {"model": "products.product", "pk": "5b9904b8-0033-4c58-8784-587398a252f2", "fields": {"name": "Red Abyss BJJ Shorts", "description": "Perfect your game in the Red Abyss BJJ Shorts. Designed to suit the intense lifestyle of a high performance athlete, these MMA shorts are tear resistant with sublimated graphics that will not fade or peel. Roll and feel your best in BJJ shorts made for comfort and maximum movement.\r\nOptimized for the highest level of athletic performance in BJJ, MMA, catch wrestling, no-gi, and submission grappling.\r\nMulti-panel construction, high-density flat-lock stitching for optimal fit and durability.", "gender": "unisex", "sale": true, "rrp": "60.00", "price": "49.95", "category": "bjj", "product_type": "shorts", "image": "product_images/Red_Abyss_BJJ_Shorts.jpg"}}, {"model": "products.product", "pk": "610b4c2f-f619-4d2d-9d09-43acf1918e44", "fields": {"name": "Ladies Estilo 6.0 Blue & Burgundy", "description": "The Estilo is the longest-running and most established BJJ kimono in Tatami Fightwear's fabled gi range. Spanning over 6 years of continuous research, development and improvement - the crown jewel of the model is the Estilo VI, which we are proud to introduce as one of the highest-quality, visually-appealing and well priced BJJ Gi's on the market.\r\nMany of the features of the Estilo 6.0 make it the ultimate kimono for jiujiteros at any experience of ability level. High quality embroideries adorn the shoulders of the gi and the outside leg area of the pants. The classic Estilo logo is subtly placed at the back of the neck and the right shin area of the pants. A small embroidery is placed on the front of the jacket with the \"Estilo VI\" text. A sublimated neck yoke lining and side bent lining adds high-quality detail to the Estilo - with new unique woven taping to line the inside of the sleeve cuffs, ankle cuffs and the bottom of the jackets.", "gender": "women", "sale": true, "rrp": "79.99", "price": "69.99", "category": "bjj", "product_type": "gi", "image": "product_images/Ladies_Estilo_6.0_Blue__Burgundy.jpg"}}, {"model": "products.product", "pk": "613a7983-86e3-46fb-9d19-dc00fbe41ba5", "fields": {"name": "fghdg", "description": "cfghmdgh", "gender": "women", "sale": false, "rrp": "10.00", "price": "10.00", "category": "bjj", "product_type": "punch bags", "image": "product_images/Boon_Sport_Hand_Wraps_4.5m_Blue.jpg"}}, {"model": "products.product", "pk": "67fa1b75-93f5-4605-82ad-917f7b3976f3", "fields": {"name": "Camoflage Premium BJJ Shorts", "description": "The Camouflage Premium BJJ/MMA Shorts feature a grey digi-camo pattern perfect for the classic man. Designed to fit a fighters intense lifestyle, these MMA shorts are crafted with quality material which lasts no matter how extreme the training. Perfect your game in BJJ shorts that give you full range of motion and movement.\r\nEquipped with an ultra-lightweight and durable perfect stretch fabric.\r\nInside drawstring & velcro waistband enclosure for a secure fit.\r\nFully sublimated graphics that will never crack, peel or fade.\r\nOptimized for the highest level of athletic performance in BJJ, MMA, catch wrestling, no-gi, and submission grappling.", "gender": "unisex", "sale": true, "rrp": "79.99", "price": "59.99", "category": "bjj", "product_type": "shorts", "image": "product_images/Camoflage_Premium_BJJ_Shorts.png"}}, {"model": "products.product", "pk": "69191d42-3c0b-4d57-af7f-cf49a342dcc9", "fields": {"name": "PAUL LOY", "description": "gh", "gender": "men", "sale": false, "rrp": "10.00", "price": "10.00", "category": "muay thai", "product_type": "belly pads", "image": "products/static/                                   product_img/placeholder.jpg"}}, {"model": "products.product", "pk": "7170acf3-f91a-4b1a-a8c1-d5b640e413c8", "fields": {"name": "Scramble BWR Spats", "description": "The blue, white and red set coordinates perfectly and is expertly colourmatched and designed so as not to be too overwhelming when worn as part of a set. Premium spats that will outlast many grappling sessions.", "gender": "unisex", "sale": false, "rrp": "38.99", "price": "38.99", "category": "bjj", "product_type": "spats", "image": "product_images/Scramble_BWR_Spats.jpg"}}, {"model": "products.product", "pk": "7452b8d6-5c7f-49b1-aeb9-85176e03d454", "fields": {"name": "PAUL", "description": "fhjk", "gender": "men", "sale": false, "rrp": "10.00", "price": "20.00", "category": "muay thai", "product_type": "grappling dummies", "image": "product_images/Boon_Sport_Hand_Wraps_4.5m_Red.jpg"}}, {"model": "products.product", "pk": "75198449-d4a4-4d14-93ca-0cac07862d2a", "fields": {"name": "Valor Victory 2.0 Premium Lightweight BJJ GI White", "description": "The Victory 2.0 premium GI is made from a 450gram pearl weave cotton that is lightweight, durable and very comfortable to train in. It is ideal for everyday training and also for competing in. We truly believe that the Victory 2.0 is the best all purpose premium GI.\r\nThe GI jacket has a tailored cut so it fits closer to the body giving it a better fit than most standard GIs. It features contrast stitching, stylish Valor embroideries, branded woven tape inside the sleeve and trouser cuffs and a sublimated neck yoke.", "gender": "women", "sale": false, "rrp": "84.99", "price": "84.99", "category": "bjj", "product_type": "gi", "image": "product_images/Valor_Victory_2.0_Premium_Lightweight_BJJ_GI_White_zUZJawg.jpg"}}, {"model": "products.product", "pk": "7a1fadfc-b9d9-4490-b072-46990b6a6217", "fields": {"name": "Tatami Fightwear Essential 3.0 Long Sleeve Rash Guard Black Grey", "description": "This is the latest in a line of Tatami No Gi apparel that is astutely designed for style, comfort and above all else – functional performance. With fresh looks, we aim to get you looking the part as well as giving you the tools to get the best out of your game.\r\nAs one of our most popular collections, the latest Essentials range has been redesigned with a contemporary design. A sliced rectangle Tatami logo covers the middle of the chest with a bold stripe adorning the outside of the sleeve of each arm.\r\nThe rash guard is made with the usual high quality of Tatami training gear. With a polyester-spandex fabric blend, the rash guard is designed to hold up against the rigours of everyday training, in particular against tough pulling. The artwork is fully sublimated to ensure the durability and look of the design.", "gender": "men", "sale": false, "rrp": "24.75", "price": "24.75", "category": "bjj", "product_type": "rash guards", "image": "product_images/Tatami_Fightwear_Essential_3.0_Long_Sleeve_Rash_Guard_Black_Grey.webp"}}, {"model": "products.product", "pk": "7d2ae007-ac89-4685-bc75-8ce60a926092", "fields": {"name": "Scramble Tanren BJJ Belt Blue", "description": "The 4th generation of Scramble belt is made of premium belt like material and is long and windy, ideal for tying your Gi up and showing people just how good you are at jiujitsu….impressive. Featuring a few throwbacks in design to the V1 Tanren belt such as some pretty sweet rank bar embroidery and a fancy gold type label (designed to show how fancy and classy your tastes are) this is made to our usual high quality.", "gender": "unisex", "sale": false, "rrp": "17.50", "price": "17.50", "category": "bjj", "product_type": "belts", "image": "product_images/Scramble_Tanren_BJJ_Belt_Blue_kTS0CIV.jpg"}}, {"model": "products.product", "pk": "7eb37000-b9cf-4a93-9e14-a154ef9d6c61", "fields": {"name": "UFC Contender Open Palm MMA Training Glove-Blue", "description": "Pre-curved, anatomically correct impact-dispersing soft foam layered over knuckles enhances protection during intense training sessions. Maintain control and range of motion with open-finger design and soft flexible synthetic leather. Adjustable, secure wrap-around hook & loop closure supports the wrist.", "gender": "unisex", "sale": false, "rrp": "40.00", "price": "40.00", "category": "mma", "product_type": "gloves", "image": "product_images/UFC_Contender_Open_Palm_MMA_Training_Glove-Blue.jpg"}}, {"model": "products.product", "pk": "8296e4af-ac49-4405-b08e-128f172a3dea", "fields": {"name": "Combat Athletics Essential V2 6oz MMA Gloves", "description": "Combat Athletics introduces Version 2 of their Essential 6oz MMA gloves which are made with synthetic leather DX (Vinyl). Designed using a high compression foam padding and velcro closure; they have been made to ensure a comfortable and safe fitting glove. The MMA gloves also contain an anti bacterial lining, a padded knuckle and thumb and a ventilated palm for cooling comfort.", "gender": "unisex", "sale": true, "rrp": "60.00", "price": "45.00", "category": "mma", "product_type": "gloves", "image": "product_images/Combat_Athletics_Essential_V2_6oz_MMA_Gloves.jpg"}}, {"model": "products.product", "pk": "86222dab-d4b5-454f-82ad-45bd585ffabf", "fields": {"name": "Japan Series - Maple Koi BJJ Gi", "description": "Following on from the success of the Japan Series Rash Guards, Tatami now introduces to you the Tatami Japan Series Maple Koi BJJ Gi Black.\r\nThe Maple Koi Gi has the maple koi design printed on the inner jacket. It is manufactured on a black coloured jacket to really make the koi depiction stand out. \r\nAlso finished off with Japanese embroidered flower emblems, to add a touch off authenticity.", "gender": "men", "sale": true, "rrp": "110.00", "price": "80.00", "category": "bjj", "product_type": "gi", "image": "product_images/Japan_Series_-_Maple_Koi_BJJ_Gi.jpg"}}, {"model": "products.product", "pk": "884a3281-664e-4415-aaeb-1099beb8918d", "fields": {"name": "test1", "description": "sdfgsdfgsfg", "gender": "unisex", "sale": false, "rrp": "10.00", "price": "10.00", "category": "muay thai", "product_type": "punch bags", "image": "product_images/Boon_Sport_Bag_Gloves_Brown.jpg"}}, {"model": "products.product", "pk": "8e3faf35-6d6d-46d2-8390-4a773d239165", "fields": {"name": "War BJJ Shorts", "description": "Bring intensity to the mat with the War BJJ Shorts. Reach your true potential with style and comfort in a pair of MMA shorts designed for maximum movement. These BJJ shorts are created to withstand intense training, letting you focus on your roll without fear of tearing. \r\nOptimized for the highest level of athletic performance in BJJ, MMA, catch wrestling, no-gi, and submission grappling.", "gender": "men", "sale": false, "rrp": "79.99", "price": "79.99", "category": "bjj", "product_type": "shorts", "image": "product_images/War_BJJ_Shorts.png"}}, {"model": "products.product", "pk": "92830818-624a-4694-96ae-0614ba1aaf91", "fields": {"name": "Yokkao Vintage Carbon Shorts Red Gold", "description": "The YOKKAO Vintage Carbon Shorts Red Gold are the perfect pair of shorts for anyone training in Muay Thai and Kickboxing.\r\n\r\nThe shorts feature the YOKKAO logo across the front along with bright stars on the side.\r\n\r\nThey are specifically cut with wide leg room to aid in mobility and comfort specifically for training Muay Thai.", "gender": "unisex", "sale": false, "rrp": "54.99", "price": "54.99", "category": "muay thai", "product_type": "shorts", "image": "product_images/Yokkao_Vintage_Carbon_Shorts_Red_Gold.jpg"}}, {"model": "products.product", "pk": "9543c28f-4ce7-4556-a7a3-7317b42633ce", "fields": {"name": "Venum Skull Short Sleeve Rash Guard", "description": "Perfect for MMA, grappling or wrestling, the Skull Rash guard sports a magnificent skull. This compression shirt optimizes recovery. It also provides a protective role by limiting friction to the skin, something that often goes hand in hand with combat sports.\r\nThe silicone band located at the waist prevents the Rash guard from rising throughout training.\r\nSpecifically adapted to the constraints of combat sports, rash guards remain multidisciplinary training outfits that will delight any athlete looking for performance!", "gender": "men", "sale": true, "rrp": "60.00", "price": "45.00", "category": "bjj", "product_type": "rash guards", "image": "product_images/Venum_Skull_Short_Sleeve_Rash_Guard.webp"}}, {"model": "products.product", "pk": "9687bae6-3bd5-45b5-9fda-4c6d95d035f3", "fields": {"name": "Model X Jiu Jitsu Gi - Blue", "description": "The technical make-up of the X makes it ideal for training and competition. With a 250GSM jacket and 7oz ripstop pants, the lightweight nature of the gi supports your movement and doesn’t feel like it’s weighing you down in the heat of the roll. This, along with curved vents and a competition cut, means the X is geared towards giving you the most comfortable and efficient fit without sacrificing any strength or durability.\r\n\r\nWith the core colours of white, blue and black, each version of the X uses red stitching to create a sharp and modernistic colour contrast. An exclusive X logo is proudly presented on the shoulders, lapel, neck and leg along with the classic Tatami logo to create a versatile look.", "gender": "men", "sale": true, "rrp": "69.99", "price": "39.99", "category": "bjj", "product_type": "gi", "image": "product_images/Model_X_Jiu_Jitsu_Gi_-_Blue.jpg"}}, {"model": "products.product", "pk": "a01026d8-b85c-4119-b62d-4d870281c641", "fields": {"name": "Venum Contender 5.0 Spats Khaki Camo", "description": "The Contender 5.0 Legging can be worn alone or under the Contender 5.0 sports shorts. These compression pants offer many advantages: thin and elastic, they provide an incomparable freedom of movement while protecting from friction thanks to the durability of its fabric. It also facilitates the athletes recovery thanks to the optimal muscular compression.\r\nThe second skin effect of leggings or spats makes them extremely comfortable and perfectly suited to many disciplines, from MMA to grappling, wrestling, muay thai or cross-training.", "gender": "men", "sale": false, "rrp": "45.00", "price": "45.00", "category": "bjj", "product_type": "spats", "image": "product_images/Venum_Contender_5.0_Spats_Khaki_Camo.jpg"}}, {"model": "products.product", "pk": "a28a74ec-a7f6-45fe-8b40-6ab203b91c2e", "fields": {"name": "Everlast Nevertear Polyurethane Punch Bag 4ft", "description": "Heavy Duty bag - Nylon Straps provide security & safety. Specially blended filler mix of sanitized synthetic & natural fibres provides resilient shock absorbency. Premium synthetic Leather with reinforced webbing provides long lasting durability & functionality.\r\nPremium Synthetic Leather.\r\nScanned Textile waste.\r\nNEVATEAR technology.\r\nSize H122, W42, D122cm.\r\nLength 122cm.\r\nWeight 22kg.", "gender": "unisex", "sale": true, "rrp": "79.99", "price": "69.99", "category": "equipment", "product_type": "punch bags", "image": "product_images/Everlast_Nevertear_Polyurethane_Punch_Bag_4ft.webp"}}, {"model": "products.product", "pk": "ae2df9c9-c238-46b3-b8d8-af04898cfc94", "fields": {"name": "Scramble Tanren BJJ Belt Purple", "description": "The 4th generation of Scramble belt is made of premium belt like material and is long and windy, ideal for tying your Gi up and showing people just how good you are at jiujitsu….impressive. Featuring a few throwbacks in design to the V1 Tanren belt such as some pretty sweet rank bar embroidery and a fancy gold type label (designed to show how fancy and classy your tastes are) this is made to our usual high quality.", "gender": "unisex", "sale": false, "rrp": "17.50", "price": "17.50", "category": "bjj", "product_type": "belts", "image": "product_images/Scramble_Tanren_BJJ_Belt-Purple.jpg"}}, {"model": "products.product", "pk": "ae9bfc3c-195f-4f66-b2be-42c793b72e69", "fields": {"name": "Scramble Tanren BJJ Belt Brown", "description": "The 4th generation of Scramble belt is made of premium belt like material and is long and windy, ideal for tying your Gi up and showing people just how good you are at jiujitsu….impressive. Featuring a few throwbacks in design to the V1 Tanren belt such as some pretty sweet rank bar embroidery and a fancy gold type label (designed to show how fancy and classy your tastes are) this is made to our usual high quality.", "gender": "unisex", "sale": false, "rrp": "17.50", "price": "17.50", "category": "bjj", "product_type": "belts", "image": "product_images/Scramble_Tanren_BJJ_Belt_Brown.jpg"}}, {"model": "products.product", "pk": "bcb7e2e7-53b7-45a7-a2b3-004ed83e9a5d", "fields": {"name": "Tatami Fightwear Essential Mens BJJ Gi Blue", "description": "The Essential Gi range is the latest in high-quality, performance driven BJJ kimonos from Tatami Fightwear. Designed for optimum comfort and manoeuvrability, the Essential Gi is lightweight with 250GSM Pearl Weave Jacket and 7oz ripstop pants to ensure no extra heavy baggage as you train and compete. The light nature of the gi does not come at the cost of any strength or resistance. There are 4 rows of reinforcement areas that stand up to rigorous rolling.", "gender": "men", "sale": true, "rrp": "64.99", "price": "45.49", "category": "bjj", "product_type": "gi", "image": "product_images/Tatami_Fightwear_Essential_Mens_BJJ_Gi_Blue.jpg"}}, {"model": "products.product", "pk": "c2b04ea2-3bb6-4a02-b03c-87fde8e11671", "fields": {"name": "Nova Absolute Black Gi", "description": "Tatami Fightwear are proud to introduce the Nova Absolute, a culmination of years of hard work and development to create one of our most iconic Gi’s. The Nova Gi is a staple of the Tatami Fightwear range and comes with a strong tradition of offering style and comfort for training and competing at exceptional value.\r\nIn order to make the Nova Absolute one of the most diverse and complete Gi’s on the market, we engaged in extensive research amongst not only casual practitioners but all the way up to world class competitors to find out what people look for as they search fpr the perfect Gi for themselves.", "gender": "men", "sale": false, "rrp": "54.99", "price": "54.99", "category": "bjj", "product_type": "gi", "image": "product_images/Nova_Absolute_Black_Gi_DJn4Hzs.jpg"}}, {"model": "products.product", "pk": "c48481d3-65f7-415a-ba6a-9bdda1f2fbde", "fields": {"name": "Scramble Verano Sports Leggings Green", "description": "The blue, white and red set coordinates perfectly and is expertly colourmatched and designed so as not to be too overwhelming when worn as part of a set. These premium spats will outlast any grappling session.", "gender": "unisex", "sale": false, "rrp": "37.99", "price": "37.99", "category": "bjj", "product_type": "spats", "image": "product_images/Scramble_Verano_Sports_Leggings_Green.jpg"}}, {"model": "products.product", "pk": "c967c4b1-0339-4882-bd0e-f296b2e597ba", "fields": {"name": "Venum Womens One FC Impact Short Sleeve Rash Guard Grey Yellow", "description": "The ONE FC Impact rashguard for women is ideal for practicing combat sports but also for fitness.\r\nThis “second skin” effect t-shirt contributes to active muscle recovery thanks to its pressure zones in the muscles of the bust and arms.\r\nTightly fitting, this compression shirt limits friction and protects your skin during training.\r\nVery stretchy and very soft, this extremely fitted t-shirt is also equipped with large mesh panels which facilitate the wicking of perspiration.\r\nONE FC is one of the world's largest combat sports organizations. Broadcast in over 128 countries, this promotion organizes MMA, Muay Thai and kickboxing bouts. ONE FC brings together the greatest specialists across these disciplines, including Angela Lee, Giorgio Petrosyan, Samy Sana, Élias Mamhoudi, Sitthichai and Bobo Sacko.\r\nThis model measures 169 cm, weighs 62 kg and wears a size S product. Her chest measurement is 96 cm and her waist measurement is 74 cm.", "gender": "women", "sale": false, "rrp": "50.00", "price": "50.00", "category": "bjj", "product_type": "rash guards", "image": "product_images/Venum_Womens_One_FC_Impact_Short_Sleeve_Rash_Guard_Grey_Yellow.webp"}}, {"model": "products.product", "pk": "cd16d5d1-7ce6-43bd-b7a4-f06a38369177", "fields": {"name": "Ladies Black Zero G V4 Advanced Lightweight Gi", "description": "Tatami Fightwear introduces the Womens Zero G V4 BJJ GI. After months of design and testing Tatami Fightwear are proud to introduce their Zero G V4. If you have liked the previous incarnations of the Zero G you'll love the Zero G V4.\r\nTatami Fightwear's Zero G V4 BJJ GI has been designed in conjunction with some of the worlds best BJJ athletes such as 2017 ADCC Champion JT Torres, Vitor 'Shaolin' Ribeiro, Robson Moura and Michelle Nicolini.\r\nThe Zero G V4 is constructed so that the design, durability, and fit across all sizes is the best it can be. The Zero G V4 with jacket and pants weighs just 1.5kilo making it one a fantastic competition and daily Jiu Jitsu Gi.", "gender": "women", "sale": false, "rrp": "79.99", "price": "79.99", "category": "bjj", "product_type": "gi", "image": "product_images/Ladies_Black_Zero_G_V4_Advanced_Lightweight_Gi.jpg"}}, {"model": "products.product", "pk": "d3bd7347-0417-4c01-b990-94414154377f", "fields": {"name": "Scramble Tanren BJJ Belt Black", "description": "The 4th generation of Scramble belt is made of premium belt like material and is long and windy, ideal for tying your Gi up and showing people just how good you are at jiujitsu….impressive. Featuring a few throwbacks in design to the V1 Tanren belt such as some pretty sweet rank bar embroidery and a fancy gold type label (designed to show how fancy and classy your tastes are) this is made to our usual high quality.", "gender": "unisex", "sale": false, "rrp": "17.50", "price": "17.50", "category": "bjj", "product_type": "belts", "image": "product_images/Scramble_Tanren_BJJ_Belt_Black.webp"}}, {"model": "products.product", "pk": "e5d37839-4029-4000-9037-37c9bc034178", "fields": {"name": "Fumentsu Ghost MMA Sparring Glove", "description": "Fumetsu Ghost MMA Sparring Gloves provide maximum protection, safety and comfort during your MMA training. The padded knuckle area is similar to that of a boxing glove ensuring protection for both you and your training partner. The open palm ensures full range of movement when grappling, extra padding on the thumb adds to the overall protection of the glove, making this the whole package.", "gender": "unisex", "sale": false, "rrp": "30.00", "price": "30.00", "category": "mma", "product_type": "gloves", "image": "product_images/Fumentsu_Ghost_MMA_Sparring_Glove.jpg"}}, {"model": "products.product", "pk": "e9f9551c-5146-4d07-8f52-a3362c6bf1bf", "fields": {"name": "ghj,ghj", "description": "bjk.gjk.", "gender": "select gender", "sale": false, "rrp": "10.00", "price": "10.00", "category": "muay thai", "product_type": "select type", "image": "products/static/                                   product_img/placeholder.jpg"}}, {"model": "products.product", "pk": "ef893a45-9fad-47cc-9efd-a5aa73c4ccd7", "fields": {"name": "Tatami Ladies Classic Gi - White", "description": "Constantly striving to break boundaries on BJJ apparel - we introduce to you the Tatami Fightwear Classic Ladies Gi. A minimalist gi packed with clever technical details to keep you looking fresh and give you the extra edge as you take to the mat.\r\n\r\nWe’ve worked tirelessly researching and developing to make the Classic gi the ultimate competition gi.\r\n\r\nThe jacket contains a dual weave construction. A middle seam covered with interior canvas taping separates the top and bottom half. The top half has a tough and heavier 550GSM pearl weave fabric with the bottom a 350GSM that means the jacket sits lighter on your body and ensures a more comfortable fit.", "gender": "women", "sale": false, "rrp": "79.99", "price": "79.99", "category": "bjj", "product_type": "gi", "image": "product_images/tatami_Ladies_Classic_Gi_-_White.jpg"}}, {"model": "products.product", "pk": "eff3cfc4-1385-4bcb-bb99-005cc1a9abeb", "fields": {"name": "Juzo Flex Genu XTRA Knee Support", "description": "The JuzoFlex Genu Xtra knee support adapts to every movement without losing it's shape, so it can provide effective support and relief to the knee joint. The Xtra Fabric from Juzo is made using their unique 3D knitting technology. This special technology ensures optimal moisture regulation and breathability, combined with maximised freedom of movement and support for joints and muscles. The all-rounder for everyday life, work and sport!", "gender": "unisex", "sale": true, "rrp": "59.99", "price": "30.00", "category": "equipment", "product_type": "joint support", "image": "product_images/Juzo_Flex_Genu_XTRA_Knee_Support.webp"}}, {"model": "products.product", "pk": "f37e4172-95ad-4da6-a761-7e13ccce1146", "fields": {"name": "Tatami Fightwear Ladies Tropic Long Sleeve Rash Guard Black", "description": "Tatami Fightwear introduces the SS20 no gi range which continues to innovate on-the-mat aesthetics and functionality.\r\n\r\nOur new styles of rash guards, shorts and spats take centre stage in defining your training or competition gear, while being designed and manufactured with the purpose of optimising your performance.\r\n\r\nPart of the Tropic collection, the Ladies Tropic rash guard comes in black with grey print\r\ncolour scheme. The Tropic design features a core front side with a kanji print alongside and a tropical themed back bar that is also represented on the sleeves.\r\n\r\nThe rash guards are made from a polyester-spandex fabric blend that holds strong even\r\nunder the pressures of pulling and stretching with fully sublimated printing that protects the look.", "gender": "select gender", "sale": true, "rrp": "45.00", "price": "36.99", "category": "bjj", "product_type": "rash guards", "image": "product_images/Tatami_Fightwear_Ladies_Tropic_Long_Sleeve_Rash_Guard_Black.webp"}}, {"model": "products.product", "pk": "fca87e86-5ee4-4106-983e-ec815961fcc6", "fields": {"name": "Scramble RWB Spats", "description": "The blue, white and red set coordinates perfectly and is expertly colourmatched and designed so as not to be too overwhelming when worn as part of a set. These premium spats will outlast every intense grappling session.", "gender": "unisex", "sale": false, "rrp": "38.99", "price": "38.99", "category": "bjj", "product_type": "spats", "image": "product_images/Scramble_RWB_Spats.jpg"}}, {"model": "products.productsizesstock", "pk": 2, "fields": {"product_id": "250a6f25-e600-4f3e-9845-497f55eb35ac", "size": "S", "stock": 20}}, {"model": "products.productsizesstock", "pk": 3, "fields": {"product_id": "250a6f25-e600-4f3e-9845-497f55eb35ac", "size": "M", "stock": 15}}, {"model": "products.productsizesstock", "pk": 4, "fields": {"product_id": "250a6f25-e600-4f3e-9845-497f55eb35ac", "size": "L", "stock": 23}}, {"model": "products.productsizesstock", "pk": 5, "fields": {"product_id": "bcb7e2e7-53b7-45a7-a2b3-004ed83e9a5d", "size": "XS", "stock": 3}}, {"model": "products.productsizesstock", "pk": 6, "fields": {"product_id": "bcb7e2e7-53b7-45a7-a2b3-004ed83e9a5d", "size": "S", "stock": 6}}, {"model": "products.productsizesstock", "pk": 7, "fields": {"product_id": "bcb7e2e7-53b7-45a7-a2b3-004ed83e9a5d", "size": "M", "stock": 6}}, {"model": "products.productsizesstock", "pk": 8, "fields": {"product_id": "bcb7e2e7-53b7-45a7-a2b3-004ed83e9a5d", "size": "L", "stock": 2}}, {"model": "products.productsizesstock", "pk": 9, "fields": {"product_id": "bcb7e2e7-53b7-45a7-a2b3-004ed83e9a5d", "size": "XL", "stock": 0}}, {"model": "products.productsizesstock", "pk": 10, "fields": {"product_id": "75198449-d4a4-4d14-93ca-0cac07862d2a", "size": "XS", "stock": 10}}, {"model": "products.productsizesstock", "pk": 11, "fields": {"product_id": "75198449-d4a4-4d14-93ca-0cac07862d2a", "size": "S", "stock": 0}}, {"model": "products.productsizesstock", "pk": 12, "fields": {"product_id": "75198449-d4a4-4d14-93ca-0cac07862d2a", "size": "M", "stock": 7}}, {"model": "products.productsizesstock", "pk": 13, "fields": {"product_id": "75198449-d4a4-4d14-93ca-0cac07862d2a", "size": "L", "stock": 10}}, {"model": "products.productsizesstock", "pk": 14, "fields": {"product_id": "75198449-d4a4-4d14-93ca-0cac07862d2a", "size": "XL", "stock": 10}}, {"model": "products.productsizesstock", "pk": 15, "fields": {"product_id": "92830818-624a-4694-96ae-0614ba1aaf91", "size": "XS", "stock": 0}}, {"model": "products.productsizesstock", "pk": 16, "fields": {"product_id": "92830818-624a-4694-96ae-0614ba1aaf91", "size": "S", "stock": 4}}, {"model": "products.productsizesstock", "pk": 17, "fields": {"product_id": "92830818-624a-4694-96ae-0614ba1aaf91", "size": "M", "stock": 7}}, {"model": "products.productsizesstock", "pk": 18, "fields": {"product_id": "92830818-624a-4694-96ae-0614ba1aaf91", "size": "L", "stock": 6}}, {"model": "products.productsizesstock", "pk": 19, "fields": {"product_id": "92830818-624a-4694-96ae-0614ba1aaf91", "size": "XL", "stock": 4}}, {"model": "products.productsizesstock", "pk": 20, "fields": {"product_id": "455ebe3e-b7c6-45fc-a19e-658184a3cda0", "size": "S", "stock": 30}}, {"model": "products.productsizesstock", "pk": 21, "fields": {"product_id": "455ebe3e-b7c6-45fc-a19e-658184a3cda0", "size": "M", "stock": 40}}, {"model": "products.productsizesstock", "pk": 22, "fields": {"product_id": "455ebe3e-b7c6-45fc-a19e-658184a3cda0", "size": "L", "stock": 25}}, {"model": "products.productsizesstock", "pk": 23, "fields": {"product_id": "7a1fadfc-b9d9-4490-b072-46990b6a6217", "size": "S", "stock": 4}}, {"model": "products.productsizesstock", "pk": 24, "fields": {"product_id": "7a1fadfc-b9d9-4490-b072-46990b6a6217", "size": "M", "stock": 7}}, {"model": "products.productsizesstock", "pk": 25, "fields": {"product_id": "7a1fadfc-b9d9-4490-b072-46990b6a6217", "size": "L", "stock": 11}}, {"model": "products.productsizesstock", "pk": 26, "fields": {"product_id": "eff3cfc4-1385-4bcb-bb99-005cc1a9abeb", "size": "S", "stock": 15}}, {"model": "products.productsizesstock", "pk": 27, "fields": {"product_id": "eff3cfc4-1385-4bcb-bb99-005cc1a9abeb", "size": "M", "stock": 15}}, {"model": "products.productsizesstock", "pk": 28, "fields": {"product_id": "eff3cfc4-1385-4bcb-bb99-005cc1a9abeb", "size": "L", "stock": 15}}, {"model": "products.productsizesstock", "pk": 29, "fields": {"product_id": "a28a74ec-a7f6-45fe-8b40-6ab203b91c2e", "size": "NULL", "stock": 15}}, {"model": "products.productsizesstock", "pk": 30, "fields": {"product_id": "1af4025f-33a0-4ed8-85cb-33a4ca2487ba", "size": "XS", "stock": 0}}, {"model": "products.productsizesstock", "pk": 31, "fields": {"product_id": "1af4025f-33a0-4ed8-85cb-33a4ca2487ba", "size": "S", "stock": 2}}, {"model": "products.productsizesstock", "pk": 32, "fields": {"product_id": "1af4025f-33a0-4ed8-85cb-33a4ca2487ba", "size": "M", "stock": 10}}, {"model": "products.productsizesstock", "pk": 33, "fields": {"product_id": "1af4025f-33a0-4ed8-85cb-33a4ca2487ba", "size": "L", "stock": 10}}, {"model": "products.productsizesstock", "pk": 34, "fields": {"product_id": "1af4025f-33a0-4ed8-85cb-33a4ca2487ba", "size": "XL", "stock": 10}}, {"model": "products.productsizesstock", "pk": 35, "fields": {"product_id": "86222dab-d4b5-454f-82ad-45bd585ffabf", "size": "XS", "stock": 10}}, {"model": "products.productsizesstock", "pk": 36, "fields": {"product_id": "86222dab-d4b5-454f-82ad-45bd585ffabf", "size": "S", "stock": 10}}, {"model": "products.productsizesstock", "pk": 37, "fields": {"product_id": "86222dab-d4b5-454f-82ad-45bd585ffabf", "size": "M", "stock": 10}}, {"model": "products.productsizesstock", "pk": 38, "fields": {"product_id": "86222dab-d4b5-454f-82ad-45bd585ffabf", "size": "L", "stock": 10}}, {"model": "products.productsizesstock", "pk": 39, "fields": {"product_id": "86222dab-d4b5-454f-82ad-45bd585ffabf", "size": "XL", "stock": 10}}, {"model": "products.productsizesstock", "pk": 40, "fields": {"product_id": "cd16d5d1-7ce6-43bd-b7a4-f06a38369177", "size": "XS", "stock": 20}}, {"model": "products.productsizesstock", "pk": 41, "fields": {"product_id": "cd16d5d1-7ce6-43bd-b7a4-f06a38369177", "size": "S", "stock": 20}}, {"model": "products.productsizesstock", "pk": 42, "fields": {"product_id": "cd16d5d1-7ce6-43bd-b7a4-f06a38369177", "size": "M", "stock": 20}}, {"model": "products.productsizesstock", "pk": 43, "fields": {"product_id": "cd16d5d1-7ce6-43bd-b7a4-f06a38369177", "size": "L", "stock": 20}}, {"model": "products.productsizesstock", "pk": 44, "fields": {"product_id": "cd16d5d1-7ce6-43bd-b7a4-f06a38369177", "size": "XL", "stock": 20}}, {"model": "products.productsizesstock", "pk": 45, "fields": {"product_id": "610b4c2f-f619-4d2d-9d09-43acf1918e44", "size": "XS", "stock": 20}}, {"model": "products.productsizesstock", "pk": 46, "fields": {"product_id": "610b4c2f-f619-4d2d-9d09-43acf1918e44", "size": "S", "stock": 20}}, {"model": "products.productsizesstock", "pk": 47, "fields": {"product_id": "610b4c2f-f619-4d2d-9d09-43acf1918e44", "size": "M", "stock": 20}}, {"model": "products.productsizesstock", "pk": 48, "fields": {"product_id": "610b4c2f-f619-4d2d-9d09-43acf1918e44", "size": "L", "stock": 20}}, {"model": "products.productsizesstock", "pk": 49, "fields": {"product_id": "610b4c2f-f619-4d2d-9d09-43acf1918e44", "size": "XL", "stock": 20}}, {"model": "products.productsizesstock", "pk": 50, "fields": {"product_id": "9687bae6-3bd5-45b5-9fda-4c6d95d035f3", "size": "XS", "stock": 10}}, {"model": "products.productsizesstock", "pk": 51, "fields": {"product_id": "9687bae6-3bd5-45b5-9fda-4c6d95d035f3", "size": "S", "stock": 10}}, {"model": "products.productsizesstock", "pk": 52, "fields": {"product_id": "9687bae6-3bd5-45b5-9fda-4c6d95d035f3", "size": "M", "stock": 5}}, {"model": "products.productsizesstock", "pk": 53, "fields": {"product_id": "9687bae6-3bd5-45b5-9fda-4c6d95d035f3", "size": "L", "stock": 0}}, {"model": "products.productsizesstock", "pk": 54, "fields": {"product_id": "9687bae6-3bd5-45b5-9fda-4c6d95d035f3", "size": "XL", "stock": 4}}, {"model": "products.productsizesstock", "pk": 55, "fields": {"product_id": "c2b04ea2-3bb6-4a02-b03c-87fde8e11671", "size": "XS", "stock": 10}}, {"model": "products.productsizesstock", "pk": 56, "fields": {"product_id": "c2b04ea2-3bb6-4a02-b03c-87fde8e11671", "size": "S", "stock": 8}}, {"model": "products.productsizesstock", "pk": 57, "fields": {"product_id": "c2b04ea2-3bb6-4a02-b03c-87fde8e11671", "size": "M", "stock": 9}}, {"model": "products.productsizesstock", "pk": 58, "fields": {"product_id": "c2b04ea2-3bb6-4a02-b03c-87fde8e11671", "size": "L", "stock": 7}}, {"model": "products.productsizesstock", "pk": 60, "fields": {"product_id": "ef893a45-9fad-47cc-9efd-a5aa73c4ccd7", "size": "XS", "stock": 6}}, {"model": "products.productsizesstock", "pk": 61, "fields": {"product_id": "ef893a45-9fad-47cc-9efd-a5aa73c4ccd7", "size": "S", "stock": 5}}, {"model": "products.productsizesstock", "pk": 62, "fields": {"product_id": "ef893a45-9fad-47cc-9efd-a5aa73c4ccd7", "size": "M", "stock": 0}}, {"model": "products.productsizesstock", "pk": 63, "fields": {"product_id": "ef893a45-9fad-47cc-9efd-a5aa73c4ccd7", "size": "L", "stock": 0}}, {"model": "products.productsizesstock", "pk": 64, "fields": {"product_id": "ef893a45-9fad-47cc-9efd-a5aa73c4ccd7", "size": "XL", "stock": 2}}, {"model": "products.productsizesstock", "pk": 65, "fields": {"product_id": "0346c01b-52e4-431c-88d2-1a7d1e21e31b", "size": "XS", "stock": 10}}, {"model": "products.productsizesstock", "pk": 66, "fields": {"product_id": "0346c01b-52e4-431c-88d2-1a7d1e21e31b", "size": "S", "stock": 10}}, {"model": "products.productsizesstock", "pk": 67, "fields": {"product_id": "0346c01b-52e4-431c-88d2-1a7d1e21e31b", "size": "M", "stock": 10}}, {"model": "products.productsizesstock", "pk": 68, "fields": {"product_id": "0346c01b-52e4-431c-88d2-1a7d1e21e31b", "size": "L", "stock": 10}}, {"model": "products.productsizesstock", "pk": 69, "fields": {"product_id": "0346c01b-52e4-431c-88d2-1a7d1e21e31b", "size": "XL", "stock": 10}}, {"model": "products.productsizesstock", "pk": 70, "fields": {"product_id": "59e04418-356e-4320-9297-73c17e6fa0c9", "size": "XS", "stock": 4}}, {"model": "products.productsizesstock", "pk": 71, "fields": {"product_id": "59e04418-356e-4320-9297-73c17e6fa0c9", "size": "S", "stock": 6}}, {"model": "products.productsizesstock", "pk": 72, "fields": {"product_id": "59e04418-356e-4320-9297-73c17e6fa0c9", "size": "M", "stock": 10}}, {"model": "products.productsizesstock", "pk": 73, "fields": {"product_id": "59e04418-356e-4320-9297-73c17e6fa0c9", "size": "L", "stock": 9}}, {"model": "products.productsizesstock", "pk": 74, "fields": {"product_id": "59e04418-356e-4320-9297-73c17e6fa0c9", "size": "XL", "stock": 0}}, {"model": "products.productsizesstock", "pk": 75, "fields": {"product_id": "7d2ae007-ac89-4685-bc75-8ce60a926092", "size": "S", "stock": 10}}, {"model": "products.productsizesstock", "pk": 76, "fields": {"product_id": "7d2ae007-ac89-4685-bc75-8ce60a926092", "size": "M", "stock": 10}}, {"model": "products.productsizesstock", "pk": 77, "fields": {"product_id": "7d2ae007-ac89-4685-bc75-8ce60a926092", "size": "L", "stock": 10}}, {"model": "products.productsizesstock", "pk": 78, "fields": {"product_id": "d3bd7347-0417-4c01-b990-94414154377f", "size": "S", "stock": 10}}, {"model": "products.productsizesstock", "pk": 79, "fields": {"product_id": "d3bd7347-0417-4c01-b990-94414154377f", "size": "M", "stock": 10}}, {"model": "products.productsizesstock", "pk": 80, "fields": {"product_id": "d3bd7347-0417-4c01-b990-94414154377f", "size": "L", "stock": 10}}, {"model": "products.productsizesstock", "pk": 84, "fields": {"product_id": "ae9bfc3c-195f-4f66-b2be-42c793b72e69", "size": "S", "stock": 4}}, {"model": "products.productsizesstock", "pk": 85, "fields": {"product_id": "ae9bfc3c-195f-4f66-b2be-42c793b72e69", "size": "M", "stock": 10}}, {"model": "products.productsizesstock", "pk": 86, "fields": {"product_id": "ae9bfc3c-195f-4f66-b2be-42c793b72e69", "size": "L", "stock": 10}}, {"model": "products.productsizesstock", "pk": 87, "fields": {"product_id": "ae2df9c9-c238-46b3-b8d8-af04898cfc94", "size": "S", "stock": 10}}, {"model": "products.productsizesstock", "pk": 88, "fields": {"product_id": "ae2df9c9-c238-46b3-b8d8-af04898cfc94", "size": "M", "stock": 10}}, {"model": "products.productsizesstock", "pk": 89, "fields": {"product_id": "ae2df9c9-c238-46b3-b8d8-af04898cfc94", "size": "L", "stock": 10}}, {"model": "products.productsizesstock", "pk": 90, "fields": {"product_id": "4f73039e-5305-4c1c-8c13-d45ca57a8170", "size": "XS", "stock": 10}}, {"model": "products.productsizesstock", "pk": 91, "fields": {"product_id": "4f73039e-5305-4c1c-8c13-d45ca57a8170", "size": "S", "stock": 10}}, {"model": "products.productsizesstock", "pk": 92, "fields": {"product_id": "4f73039e-5305-4c1c-8c13-d45ca57a8170", "size": "M", "stock": 10}}, {"model": "products.productsizesstock", "pk": 93, "fields": {"product_id": "4f73039e-5305-4c1c-8c13-d45ca57a8170", "size": "L", "stock": 10}}, {"model": "products.productsizesstock", "pk": 94, "fields": {"product_id": "4f73039e-5305-4c1c-8c13-d45ca57a8170", "size": "XL", "stock": 10}}, {"model": "products.productsizesstock", "pk": 95, "fields": {"product_id": "c967c4b1-0339-4882-bd0e-f296b2e597ba", "size": "XS", "stock": 3}}, {"model": "products.productsizesstock", "pk": 96, "fields": {"product_id": "c967c4b1-0339-4882-bd0e-f296b2e597ba", "size": "S", "stock": 0}}, {"model": "products.productsizesstock", "pk": 97, "fields": {"product_id": "c967c4b1-0339-4882-bd0e-f296b2e597ba", "size": "M", "stock": 10}}, {"model": "products.productsizesstock", "pk": 98, "fields": {"product_id": "c967c4b1-0339-4882-bd0e-f296b2e597ba", "size": "L", "stock": 10}}, {"model": "products.productsizesstock", "pk": 99, "fields": {"product_id": "c967c4b1-0339-4882-bd0e-f296b2e597ba", "size": "XL", "stock": 10}}, {"model": "products.productsizesstock", "pk": 100, "fields": {"product_id": "9543c28f-4ce7-4556-a7a3-7317b42633ce", "size": "XS", "stock": 6}}, {"model": "products.productsizesstock", "pk": 101, "fields": {"product_id": "9543c28f-4ce7-4556-a7a3-7317b42633ce", "size": "S", "stock": 0}}, {"model": "products.productsizesstock", "pk": 102, "fields": {"product_id": "9543c28f-4ce7-4556-a7a3-7317b42633ce", "size": "M", "stock": 0}}, {"model": "products.productsizesstock", "pk": 103, "fields": {"product_id": "9543c28f-4ce7-4556-a7a3-7317b42633ce", "size": "L", "stock": 12}}, {"model": "products.productsizesstock", "pk": 104, "fields": {"product_id": "9543c28f-4ce7-4556-a7a3-7317b42633ce", "size": "XL", "stock": 11}}, {"model": "products.productsizesstock", "pk": 105, "fields": {"product_id": "f37e4172-95ad-4da6-a761-7e13ccce1146", "size": "XS", "stock": 6}}, {"model": "products.productsizesstock", "pk": 106, "fields": {"product_id": "f37e4172-95ad-4da6-a761-7e13ccce1146", "size": "S", "stock": 6}}, {"model": "products.productsizesstock", "pk": 107, "fields": {"product_id": "f37e4172-95ad-4da6-a761-7e13ccce1146", "size": "M", "stock": 6}}, {"model": "products.productsizesstock", "pk": 108, "fields": {"product_id": "f37e4172-95ad-4da6-a761-7e13ccce1146", "size": "L", "stock": 6}}, {"model": "products.productsizesstock", "pk": 109, "fields": {"product_id": "f37e4172-95ad-4da6-a761-7e13ccce1146", "size": "XL", "stock": 6}}, {"model": "products.productsizesstock", "pk": 110, "fields": {"product_id": "67fa1b75-93f5-4605-82ad-917f7b3976f3", "size": "XS", "stock": 2}}, {"model": "products.productsizesstock", "pk": 111, "fields": {"product_id": "67fa1b75-93f5-4605-82ad-917f7b3976f3", "size": "S", "stock": 0}}, {"model": "products.productsizesstock", "pk": 112, "fields": {"product_id": "67fa1b75-93f5-4605-82ad-917f7b3976f3", "size": "M", "stock": 0}}, {"model": "products.productsizesstock", "pk": 113, "fields": {"product_id": "67fa1b75-93f5-4605-82ad-917f7b3976f3", "size": "L", "stock": 4}}, {"model": "products.productsizesstock", "pk": 114, "fields": {"product_id": "67fa1b75-93f5-4605-82ad-917f7b3976f3", "size": "XL", "stock": 6}}, {"model": "products.productsizesstock", "pk": 115, "fields": {"product_id": "198954f7-f6b2-44bf-859a-ed5b24d3fff1", "size": "XS", "stock": 4}}, {"model": "products.productsizesstock", "pk": 116, "fields": {"product_id": "198954f7-f6b2-44bf-859a-ed5b24d3fff1", "size": "S", "stock": 8}}, {"model": "products.productsizesstock", "pk": 117, "fields": {"product_id": "198954f7-f6b2-44bf-859a-ed5b24d3fff1", "size": "M", "stock": 7}}, {"model": "products.productsizesstock", "pk": 118, "fields": {"product_id": "198954f7-f6b2-44bf-859a-ed5b24d3fff1", "size": "L", "stock": 6}}, {"model": "products.productsizesstock", "pk": 119, "fields": {"product_id": "198954f7-f6b2-44bf-859a-ed5b24d3fff1", "size": "XL", "stock": 3}}, {"model": "products.productsizesstock", "pk": 120, "fields": {"product_id": "3ba91a2d-5a82-47c2-82f7-dedfeaeaa47f", "size": "XS", "stock": 10}}, {"model": "products.productsizesstock", "pk": 121, "fields": {"product_id": "3ba91a2d-5a82-47c2-82f7-dedfeaeaa47f", "size": "S", "stock": 10}}, {"model": "products.productsizesstock", "pk": 122, "fields": {"product_id": "3ba91a2d-5a82-47c2-82f7-dedfeaeaa47f", "size": "M", "stock": 10}}, {"model": "products.productsizesstock", "pk": 123, "fields": {"product_id": "3ba91a2d-5a82-47c2-82f7-dedfeaeaa47f", "size": "L", "stock": 11}}, {"model": "products.productsizesstock", "pk": 124, "fields": {"product_id": "3ba91a2d-5a82-47c2-82f7-dedfeaeaa47f", "size": "XL", "stock": 14}}, {"model": "products.productsizesstock", "pk": 125, "fields": {"product_id": "5b9904b8-0033-4c58-8784-587398a252f2", "size": "XS", "stock": 9}}, {"model": "products.productsizesstock", "pk": 126, "fields": {"product_id": "5b9904b8-0033-4c58-8784-587398a252f2", "size": "S", "stock": 8}}, {"model": "products.productsizesstock", "pk": 127, "fields": {"product_id": "5b9904b8-0033-4c58-8784-587398a252f2", "size": "M", "stock": 6}}, {"model": "products.productsizesstock", "pk": 128, "fields": {"product_id": "5b9904b8-0033-4c58-8784-587398a252f2", "size": "L", "stock": 7}}, {"model": "products.productsizesstock", "pk": 129, "fields": {"product_id": "5b9904b8-0033-4c58-8784-587398a252f2", "size": "XL", "stock": 8}}, {"model": "products.productsizesstock", "pk": 130, "fields": {"product_id": "8e3faf35-6d6d-46d2-8390-4a773d239165", "size": "XS", "stock": 6}}, {"model": "products.productsizesstock", "pk": 131, "fields": {"product_id": "8e3faf35-6d6d-46d2-8390-4a773d239165", "size": "S", "stock": 6}}, {"model": "products.productsizesstock", "pk": 132, "fields": {"product_id": "8e3faf35-6d6d-46d2-8390-4a773d239165", "size": "M", "stock": 3}}, {"model": "products.productsizesstock", "pk": 133, "fields": {"product_id": "8e3faf35-6d6d-46d2-8390-4a773d239165", "size": "L", "stock": 6}}, {"model": "products.productsizesstock", "pk": 134, "fields": {"product_id": "8e3faf35-6d6d-46d2-8390-4a773d239165", "size": "XL", "stock": 6}}, {"model": "products.productsizesstock", "pk": 135, "fields": {"product_id": "7170acf3-f91a-4b1a-a8c1-d5b640e413c8", "size": "XS", "stock": 4}}, {"model": "products.productsizesstock", "pk": 136, "fields": {"product_id": "7170acf3-f91a-4b1a-a8c1-d5b640e413c8", "size": "S", "stock": 6}}, {"model": "products.productsizesstock", "pk": 137, "fields": {"product_id": "7170acf3-f91a-4b1a-a8c1-d5b640e413c8", "size": "M", "stock": 8}}, {"model": "products.productsizesstock", "pk": 138, "fields": {"product_id": "7170acf3-f91a-4b1a-a8c1-d5b640e413c8", "size": "L", "stock": 10}}, {"model": "products.productsizesstock", "pk": 139, "fields": {"product_id": "7170acf3-f91a-4b1a-a8c1-d5b640e413c8", "size": "XL", "stock": 10}}, {"model": "products.productsizesstock", "pk": 140, "fields": {"product_id": "fca87e86-5ee4-4106-983e-ec815961fcc6", "size": "XS", "stock": 4}}, {"model": "products.productsizesstock", "pk": 141, "fields": {"product_id": "fca87e86-5ee4-4106-983e-ec815961fcc6", "size": "S", "stock": 4}}, {"model": "products.productsizesstock", "pk": 142, "fields": {"product_id": "fca87e86-5ee4-4106-983e-ec815961fcc6", "size": "M", "stock": 4}}, {"model": "products.productsizesstock", "pk": 143, "fields": {"product_id": "fca87e86-5ee4-4106-983e-ec815961fcc6", "size": "L", "stock": 10}}, {"model": "products.productsizesstock", "pk": 144, "fields": {"product_id": "fca87e86-5ee4-4106-983e-ec815961fcc6", "size": "XL", "stock": 10}}, {"model": "products.productsizesstock", "pk": 145, "fields": {"product_id": "c48481d3-65f7-415a-ba6a-9bdda1f2fbde", "size": "XS", "stock": 10}}, {"model": "products.productsizesstock", "pk": 146, "fields": {"product_id": "c48481d3-65f7-415a-ba6a-9bdda1f2fbde", "size": "S", "stock": 10}}, {"model": "products.productsizesstock", "pk": 147, "fields": {"product_id": "c48481d3-65f7-415a-ba6a-9bdda1f2fbde", "size": "M", "stock": 10}}, {"model": "products.productsizesstock", "pk": 148, "fields": {"product_id": "c48481d3-65f7-415a-ba6a-9bdda1f2fbde", "size": "L", "stock": 10}}, {"model": "products.productsizesstock", "pk": 149, "fields": {"product_id": "c48481d3-65f7-415a-ba6a-9bdda1f2fbde", "size": "XL", "stock": 10}}, {"model": "products.productsizesstock", "pk": 150, "fields": {"product_id": "a01026d8-b85c-4119-b62d-4d870281c641", "size": "XS", "stock": 15}}, {"model": "products.productsizesstock", "pk": 151, "fields": {"product_id": "a01026d8-b85c-4119-b62d-4d870281c641", "size": "S", "stock": 15}}, {"model": "products.productsizesstock", "pk": 152, "fields": {"product_id": "a01026d8-b85c-4119-b62d-4d870281c641", "size": "M", "stock": 15}}, {"model": "products.productsizesstock", "pk": 153, "fields": {"product_id": "a01026d8-b85c-4119-b62d-4d870281c641", "size": "L", "stock": 15}}, {"model": "products.productsizesstock", "pk": 154, "fields": {"product_id": "a01026d8-b85c-4119-b62d-4d870281c641", "size": "XL", "stock": 15}}, {"model": "products.productsizesstock", "pk": 155, "fields": {"product_id": "14f8e684-7f9a-4790-89b2-40499b88b1c8", "size": "XS", "stock": 14}}, {"model": "products.productsizesstock", "pk": 156, "fields": {"product_id": "14f8e684-7f9a-4790-89b2-40499b88b1c8", "size": "S", "stock": 14}}, {"model": "products.productsizesstock", "pk": 157, "fields": {"product_id": "14f8e684-7f9a-4790-89b2-40499b88b1c8", "size": "M", "stock": 14}}, {"model": "products.productsizesstock", "pk": 158, "fields": {"product_id": "14f8e684-7f9a-4790-89b2-40499b88b1c8", "size": "L", "stock": 14}}, {"model": "products.productsizesstock", "pk": 159, "fields": {"product_id": "14f8e684-7f9a-4790-89b2-40499b88b1c8", "size": "XL", "stock": 14}}, {"model": "products.productsizesstock", "pk": 160, "fields": {"product_id": "8296e4af-ac49-4405-b08e-128f172a3dea", "size": "S", "stock": 15}}, {"model": "products.productsizesstock", "pk": 161, "fields": {"product_id": "8296e4af-ac49-4405-b08e-128f172a3dea", "size": "M", "stock": 15}}, {"model": "products.productsizesstock", "pk": 162, "fields": {"product_id": "8296e4af-ac49-4405-b08e-128f172a3dea", "size": "L", "stock": 15}}, {"model": "products.productsizesstock", "pk": 163, "fields": {"product_id": "2c0d7b17-9472-4421-b52f-4827767b4cda", "size": "S", "stock": 4}}, {"model": "products.productsizesstock", "pk": 164, "fields": {"product_id": "2c0d7b17-9472-4421-b52f-4827767b4cda", "size": "M", "stock": 10}}, {"model": "products.productsizesstock", "pk": 165, "fields": {"product_id": "2c0d7b17-9472-4421-b52f-4827767b4cda", "size": "L", "stock": 10}}, {"model": "products.productsizesstock", "pk": 166, "fields": {"product_id": "e5d37839-4029-4000-9037-37c9bc034178", "size": "S", "stock": 10}}, {"model": "products.productsizesstock", "pk": 167, "fields": {"product_id": "e5d37839-4029-4000-9037-37c9bc034178", "size": "M", "stock": 10}}, {"model": "products.productsizesstock", "pk": 168, "fields": {"product_id": "e5d37839-4029-4000-9037-37c9bc034178", "size": "L", "stock": 10}}, {"model": "products.productsizesstock", "pk": 169, "fields": {"product_id": "3c2f40d9-1a6c-4577-bd29-6df18f1c7d79", "size": "S", "stock": 0}}, {"model": "products.productsizesstock", "pk": 170, "fields": {"product_id": "3c2f40d9-1a6c-4577-bd29-6df18f1c7d79", "size": "M", "stock": 4}}, {"model": "products.productsizesstock", "pk": 171, "fields": {"product_id": "3c2f40d9-1a6c-4577-bd29-6df18f1c7d79", "size": "L", "stock": 8}}, {"model": "products.productsizesstock", "pk": 172, "fields": {"product_id": "7eb37000-b9cf-4a93-9e14-a154ef9d6c61", "size": "S", "stock": 20}}, {"model": "products.productsizesstock", "pk": 173, "fields": {"product_id": "7eb37000-b9cf-4a93-9e14-a154ef9d6c61", "size": "M", "stock": 20}}, {"model": "products.productsizesstock", "pk": 174, "fields": {"product_id": "7eb37000-b9cf-4a93-9e14-a154ef9d6c61", "size": "L", "stock": 19}}, {"model": "products.productsizesstock", "pk": 175, "fields": {"product_id": null, "size": "10", "stock": 10}}, {"model": "products.productsizesstock", "pk": 177, "fields": {"product_id": "c2b04ea2-3bb6-4a02-b03c-87fde8e11671", "size": "XL", "stock": 6}}, {"model": "checkout.order", "pk": 38, "fields": {"order_number": "E0A028282DAC406FB1D8CD8B13F9F3D2", "user_profile": null, "full_name": "PAUL", "email": "paulloy020896@gmail.com", "phone_number": "07484272789", "country": "United Kingdom", "postcode": "BT34 3PU", "town_or_city": "NEWRY", "street_address1": "79 MILLTOWN STREET", "street_address2": "BURREN", "county": "Down", "date": "2021-03-13T19:04:05.584Z", "delivery_cost": "0.00", "order_total": "311.91", "grand_total": "311.91", "original_bag": "", "stripe_pid": ""}}, {"model": "checkout.order", "pk": 39, "fields": {"order_number": "F8CFBA9CF2C84021A03F8C86CADE7785", "user_profile": null, "full_name": "PAUL", "email": "paulloy020896@gmail.com", "phone_number": "07484272789", "country": "United Kingdom", "postcode": "BT34 3PU", "town_or_city": "NEWRY", "street_address1": "79 MILLTOWN STREET", "street_address2": "BURREN", "county": "Down", "date": "2021-03-13T19:12:55.216Z", "delivery_cost": "0.00", "order_total": "45.49", "grand_total": "45.49", "original_bag": "", "stripe_pid": ""}}, {"model": "checkout.order", "pk": 40, "fields": {"order_number": "6982A45A3D784E2D95CF95653C5E407E", "user_profile": null, "full_name": "PAUL", "email": "paulloy020896@gmail.com", "phone_number": "07484272789", "country": "United Kingdom", "postcode": "BT34 3PU", "town_or_city": "NEWRY", "street_address1": "79 MILLTOWN STREET", "street_address2": "BURREN", "county": "Down", "date": "2021-03-13T19:13:26.146Z", "delivery_cost": "0.00", "order_total": "45.49", "grand_total": "45.49", "original_bag": "", "stripe_pid": ""}}, {"model": "checkout.order", "pk": 41, "fields": {"order_number": "E1B32BA144EB4EC3887763E349D22584", "user_profile": null, "full_name": "PAUL", "email": "paulloy020896@gmail.com", "phone_number": "07484272789", "country": "United Kingdom", "postcode": "BT34 3PU", "town_or_city": "NEWRY", "street_address1": "79 MILLTOWN STREET", "street_address2": "BURREN", "county": "Down", "date": "2021-03-13T20:19:55.460Z", "delivery_cost": "0.00", "order_total": "24.75", "grand_total": "24.75", "original_bag": "", "stripe_pid": ""}}, {"model": "checkout.order", "pk": 42, "fields": {"order_number": "FADDF9B0BE99409386AB603215383FBB", "user_profile": null, "full_name": "PAUL", "email": "paulloy020896@gmail.com", "phone_number": "07484272789", "country": "United Kingdom", "postcode": "BT34 3PU", "town_or_city": "NEWRY", "street_address1": "79 MILLTOWN STREET", "street_address2": "BURREN", "county": "Down", "date": "2021-03-13T21:29:23.525Z", "delivery_cost": "0.00", "order_total": "42.25", "grand_total": "42.25", "original_bag": "", "stripe_pid": ""}}, {"model": "checkout.order", "pk": 43, "fields": {"order_number": "012C6BC3C1CC4CECA9BA9805FB43B1A4", "user_profile": null, "full_name": "PAUL", "email": "paulloy020896@gmail.com", "phone_number": "07484272789", "country": "United Kingdom", "postcode": "BT34 3PU", "town_or_city": "NEWRY", "street_address1": "79 MILLTOWN STREET", "street_address2": "BURREN", "county": "Down", "date": "2021-03-15T15:45:07.519Z", "delivery_cost": "0.00", "order_total": "80.00", "grand_total": "80.00", "original_bag": "", "stripe_pid": ""}}, {"model": "checkout.order", "pk": 44, "fields": {"order_number": "9E46B6A87F59456DB0CB4A610A6C1E16", "user_profile": null, "full_name": "PAUL", "email": "paulloy020896@gmail.com", "phone_number": "07484272789", "country": "GB", "postcode": "BT34 3PU", "town_or_city": "NEWRY", "street_address1": "79 MILLTOWN STREET", "street_address2": "BURREN", "county": "Down", "date": "2021-03-16T13:42:15.359Z", "delivery_cost": "0.00", "order_total": "90.98", "grand_total": "90.98", "original_bag": "", "stripe_pid": ""}}, {"model": "checkout.order", "pk": 45, "fields": {"order_number": "56AE6EA726804BB18AAB8664D840F35A", "user_profile": null, "full_name": "PAUL", "email": "paulloy020896@gmail.com", "phone_number": "07484272789", "country": "GB", "postcode": "BT34 3PU", "town_or_city": "NEWRY", "street_address1": "79 MILLTOWN STREET", "street_address2": "BURREN", "county": "Down", "date": "2021-03-16T13:54:22.346Z", "delivery_cost": "0.00", "order_total": "124.98", "grand_total": "124.98", "original_bag": "", "stripe_pid": ""}}, {"model": "checkout.order", "pk": 46, "fields": {"order_number": "D628E0606A574F4AA064CC42D67D00B3", "user_profile": null, "full_name": "PAUL", "email": "paulloy020896@gmail.com", "phone_number": "07484272789", "country": "GB", "postcode": "BT34 3PU", "town_or_city": "NEWRY", "street_address1": "79 MILLTOWN STREET", "street_address2": "BURREN", "county": "Down", "date": "2021-03-16T14:19:10.551Z", "delivery_cost": "0.00", "order_total": "17.50", "grand_total": "17.50", "original_bag": "", "stripe_pid": ""}}, {"model": "checkout.order", "pk": 47, "fields": {"order_number": "AB0FA42E36874012AC2093682B5D438E", "user_profile": null, "full_name": "PAUL", "email": "paulloy020896@gmail.com", "phone_number": "07484272789", "country": "GB", "postcode": "BT34 3PU", "town_or_city": "NEWRY", "street_address1": "79 MILLTOWN STREET", "street_address2": "BURREN", "county": "Down", "date": "2021-03-16T14:28:06.764Z", "delivery_cost": "0.00", "order_total": "30.00", "grand_total": "30.00", "original_bag": "", "stripe_pid": ""}}, {"model": "checkout.order", "pk": 48, "fields": {"order_number": "7B3AF12267984BB2AC8C53C4E7D784F7", "user_profile": null, "full_name": "PAUL", "email": "paulloy020896@gmail.com", "phone_number": "07484272789", "country": "GB", "postcode": "BT34 3PU", "town_or_city": "NEWRY", "street_address1": "79 MILLTOWN STREET", "street_address2": "BURREN", "county": "Down", "date": "2021-03-16T14:30:19.329Z", "delivery_cost": "0.00", "order_total": "79.99", "grand_total": "79.99", "original_bag": "", "stripe_pid": ""}}, {"model": "checkout.order", "pk": 49, "fields": {"order_number": "887CACB9AF8C4663863622721E331612", "user_profile": null, "full_name": "PAUL", "email": "paulloy020896@gmail.com", "phone_number": "07484272789", "country": "GB", "postcode": "BT34 3PU", "town_or_city": "NEWRY", "street_address1": "79 MILLTOWN STREET", "street_address2": "BURREN", "county": "Down", "date": "2021-03-16T16:15:54.148Z", "delivery_cost": "0.00", "order_total": "57.98", "grand_total": "57.98", "original_bag": "", "stripe_pid": ""}}, {"model": "checkout.order", "pk": 50, "fields": {"order_number": "0D7C4E3C7D3B43839750A9E7F48122DD", "user_profile": null, "full_name": "PAUL", "email": "paulloy020896@gmail.com", "phone_number": "07484272789", "country": "GB", "postcode": "BT34 3PU", "town_or_city": "NEWRY", "street_address1": "79 MILLTOWN STREET", "street_address2": "BURREN", "county": "Down", "date": "2021-03-16T17:03:57.570Z", "delivery_cost": "0.00", "order_total": "45.00", "grand_total": "45.00", "original_bag": "", "stripe_pid": ""}}, {"model": "checkout.order", "pk": 51, "fields": {"order_number": "B05E50B30C534ADFB19319DDCE17BAE3", "user_profile": null, "full_name": "PAUL", "email": "paulloy020896@gmail.com", "phone_number": "07484272789", "country": "GB", "postcode": "BT34 3PU", "town_or_city": "NEWRY", "street_address1": "79 MILLTOWN STREET", "street_address2": "BURREN", "county": "Down", "date": "2021-03-16T18:21:51.262Z", "delivery_cost": "0.00", "order_total": "60.00", "grand_total": "60.00", "original_bag": "{\"1af4025f-33a0-4ed8-85cb-33a4ca2487ba\": {\"product_size\": {\"S\": 1}}}", "stripe_pid": "pi_1IVhWQCznDimQa7l69vZU1sQ"}}, {"model": "checkout.order", "pk": 52, "fields": {"order_number": "B58060E4F09E48E19305CEF13BBFE16E", "user_profile": null, "full_name": "PAUL", "email": "paulloy020896@gmail.com", "phone_number": "07484272789", "country": "GB", "postcode": "BT34 3PU", "town_or_city": "NEWRY", "street_address1": "79 MILLTOWN STREET", "street_address2": "BURREN", "county": "Down", "date": "2021-03-16T18:25:42.488Z", "delivery_cost": "0.00", "order_total": "45.49", "grand_total": "45.49", "original_bag": "{\"bcb7e2e7-53b7-45a7-a2b3-004ed83e9a5d\": {\"product_size\": {\"S\": 1}}}", "stripe_pid": "pi_1IVhaBCznDimQa7lcDVZ2YYT"}}, {"model": "checkout.order", "pk": 53, "fields": {"order_number": "2F622A016DD846EA98D881B498AFF47A", "user_profile": null, "full_name": "PAUL", "email": "paulloy020896@gmail.com", "phone_number": "07484272789", "country": "GB", "postcode": "BT34 3PU", "town_or_city": "NEWRY", "street_address1": "79 MILLTOWN STREET", "street_address2": "BURREN", "county": "Down", "date": "2021-03-16T18:32:09.691Z", "delivery_cost": "0.00", "order_total": "60.00", "grand_total": "60.00", "original_bag": "{\"1af4025f-33a0-4ed8-85cb-33a4ca2487ba\": {\"product_size\": {\"M\": 1}}}", "stripe_pid": "pi_1IVhgQCznDimQa7lNQRLfjwa"}}, {"model": "checkout.order", "pk": 54, "fields": {"order_number": "41622E55ADD54C5FB942E308C13D1ECD", "user_profile": null, "full_name": "PAUL", "email": "paulloy020896@gmail.com", "phone_number": "07484272789", "country": "GB", "postcode": "BT34 3PU", "town_or_city": "NEWRY", "street_address1": "79 MILLTOWN STREET", "street_address2": "BURREN", "county": "Down", "date": "2021-03-16T18:34:27.615Z", "delivery_cost": "0.00", "order_total": "84.99", "grand_total": "84.99", "original_bag": "{\"75198449-d4a4-4d14-93ca-0cac07862d2a\": {\"product_size\": {\"M\": 1}}}", "stripe_pid": "pi_1IVhifCznDimQa7lWH6nQIbo"}}, {"model": "checkout.order", "pk": 55, "fields": {"order_number": "2A7760BCE26C4FC784227AD55EC5C766", "user_profile": null, "full_name": "PAUL", "email": "paulloy020896@gmail.com", "phone_number": "07484272789", "country": "GB", "postcode": "BT34 3PU", "town_or_city": "NEWRY", "street_address1": "79 MILLTOWN STREET", "street_address2": "BURREN", "county": "Down", "date": "2021-03-16T18:35:08.505Z", "delivery_cost": "0.00", "order_total": "56.99", "grand_total": "56.99", "original_bag": "{\"198954f7-f6b2-44bf-859a-ed5b24d3fff1\": {\"product_size\": {\"XS\": 1}}}", "stripe_pid": "pi_1IVhjKCznDimQa7lqijwxxIM"}}, {"model": "checkout.order", "pk": 56, "fields": {"order_number": "296A02509B13446482643CFD5B30AD66", "user_profile": null, "full_name": "PAUL", "email": "paulloy020896@gmail.com", "phone_number": "07484272789", "country": "GB", "postcode": "BT34 3PU", "town_or_city": "NEWRY", "street_address1": "79 MILLTOWN STREET", "street_address2": "BURREN", "county": "Down", "date": "2021-03-16T18:40:37.198Z", "delivery_cost": "0.00", "order_total": "45.49", "grand_total": "45.49", "original_bag": "{\"bcb7e2e7-53b7-45a7-a2b3-004ed83e9a5d\": {\"product_size\": {\"M\": 1}}}", "stripe_pid": "pi_1IVhobCznDimQa7l9UlPTjrR"}}, {"model": "checkout.order", "pk": 57, "fields": {"order_number": "42EB1E957AFF4453B3E86B5E81A27C31", "user_profile": null, "full_name": "PAUL", "email": "paulloy020896@gmail.com", "phone_number": "07484272789", "country": "GB", "postcode": "BT34 3PU", "town_or_city": "NEWRY", "street_address1": "79 MILLTOWN STREET", "street_address2": "BURREN", "county": "Down", "date": "2021-03-16T18:48:32.926Z", "delivery_cost": "0.00", "order_total": "79.99", "grand_total": "79.99", "original_bag": "{\"cd16d5d1-7ce6-43bd-b7a4-f06a38369177\": {\"product_size\": {\"XS\": 1}}}", "stripe_pid": "pi_1IVhwHCznDimQa7leW529xbM"}}, {"model": "checkout.order", "pk": 58, "fields": {"order_number": "18714990C01240F8A7C0DC238F5E2E73", "user_profile": null, "full_name": "PAULLOY", "email": "paulloy020896@gmail.com", "phone_number": "07484272789", "country": "GB", "postcode": "BT34 3PU", "town_or_city": "NEWRY", "street_address1": "79 MILLTOWN STREET", "street_address2": "BURREN", "county": "Down", "date": "2021-03-16T18:48:38.589Z", "delivery_cost": "0.00", "order_total": "79.99", "grand_total": "79.99", "original_bag": "{\"cd16d5d1-7ce6-43bd-b7a4-f06a38369177\": {\"product_size\": {\"XS\": 1}}}", "stripe_pid": "pi_1IVhwHCznDimQa7leW529xbM"}}, {"model": "checkout.order", "pk": 59, "fields": {"order_number": "3385BDDCE897499DB03F741DA4F4D884", "user_profile": null, "full_name": "PAUL", "email": "paulloy020896@gmail.com", "phone_number": "07484272789", "country": "GB", "postcode": "BT34 3PU", "town_or_city": "NEWRY", "street_address1": "79 MILLTOWN STREET", "street_address2": "BURREN", "county": "Down", "date": "2021-03-16T18:51:03.569Z", "delivery_cost": "0.00", "order_total": "54.99", "grand_total": "54.99", "original_bag": "{\"92830818-624a-4694-96ae-0614ba1aaf91\": {\"product_size\": {\"XL\": 1}}}", "stripe_pid": "pi_1IVhyiCznDimQa7lFdYGh1Dx"}}, {"model": "checkout.order", "pk": 60, "fields": {"order_number": "F0DA5C6F531D4AF482F2CD9C4F98A731", "user_profile": null, "full_name": "PAULLOY", "email": "paulloy020896@gmail.com", "phone_number": "07484272789", "country": "GB", "postcode": "BT34 3PU", "town_or_city": "NEWRY", "street_address1": "79 MILLTOWN STREET", "street_address2": "BURREN", "county": "Down", "date": "2021-03-16T18:51:09.330Z", "delivery_cost": "0.00", "order_total": "54.99", "grand_total": "54.99", "original_bag": "{\"92830818-624a-4694-96ae-0614ba1aaf91\": {\"product_size\": {\"XL\": 1}}}", "stripe_pid": "pi_1IVhyiCznDimQa7lFdYGh1Dx"}}, {"model": "checkout.order", "pk": 61, "fields": {"order_number": "59002C6A3F0645208F946065899F5779", "user_profile": null, "full_name": "PAUL", "email": "paulloy020896@gmail.com", "phone_number": "07484272789", "country": "GB", "postcode": "BT34 3PU", "town_or_city": "NEWRY", "street_address1": "79 MILLTOWN STREET", "street_address2": "BURREN", "county": "Down", "date": "2021-03-16T18:53:32.761Z", "delivery_cost": "0.00", "order_total": "39.99", "grand_total": "39.99", "original_bag": "{\"9687bae6-3bd5-45b5-9fda-4c6d95d035f3\": {\"product_size\": {\"XS\": 1}}}", "stripe_pid": "pi_1IVi17CznDimQa7lxKVIW1dV"}}, {"model": "checkout.order", "pk": 62, "fields": {"order_number": "18011EFCF9BC4068AAF5784C94E57E44", "user_profile": null, "full_name": "PAUL", "email": "paulloy020896@gmail.com", "phone_number": "07484272789", "country": "GB", "postcode": "BT34 3PU", "town_or_city": "NEWRY", "street_address1": "79 MILLTOWN STREET", "street_address2": "BURREN", "county": "Down", "date": "2021-03-16T18:54:48.611Z", "delivery_cost": "0.00", "order_total": "17.50", "grand_total": "17.50", "original_bag": "{\"ae9bfc3c-195f-4f66-b2be-42c793b72e69\": {\"product_size\": {\"S\": 1}}}", "stripe_pid": "pi_1IVi2LCznDimQa7lDIYHhcBO"}}, {"model": "checkout.order", "pk": 63, "fields": {"order_number": "1921017123AD474A8EC6451C2DA2C36E", "user_profile": null, "full_name": "PAULLOY", "email": "paulloy020896@gmail.com", "phone_number": "07484272789", "country": "GB", "postcode": "BT34 3PU", "town_or_city": "NEWRY", "street_address1": "79 MILLTOWN STREET", "street_address2": "BURREN", "county": "Down", "date": "2021-03-16T18:54:54.579Z", "delivery_cost": "0.00", "order_total": "17.50", "grand_total": "17.50", "original_bag": "{\"ae9bfc3c-195f-4f66-b2be-42c793b72e69\": {\"product_size\": {\"S\": 1}}}", "stripe_pid": "pi_1IVi2LCznDimQa7lDIYHhcBO"}}, {"model": "checkout.order", "pk": 64, "fields": {"order_number": "E8D35426751C4717969A04A9956B2E2B", "user_profile": null, "full_name": "PAULLOY", "email": "paulloy020896@gmail.com", "phone_number": "07484272789", "country": "GB", "postcode": "BT34 3PU", "town_or_city": "NEWRY", "street_address1": "79 MILLTOWN STREET", "street_address2": "BURREN", "county": "Down", "date": "2021-03-16T19:22:52.279Z", "delivery_cost": "0.00", "order_total": "60.00", "grand_total": "60.00", "original_bag": "{\"1af4025f-33a0-4ed8-85cb-33a4ca2487ba\": {\"product_size\": {\"S\": 1}}}", "stripe_pid": "pi_1IVhWQCznDimQa7l69vZU1sQ"}}, {"model": "checkout.order", "pk": 65, "fields": {"order_number": "B8A6B1B4ECF743D8A8BC12EAD2E8CC40", "user_profile": null, "full_name": "PAULLOY", "email": "paulloy020896@gmail.com", "phone_number": "07484272789", "country": "GB", "postcode": "BT34 3PU", "town_or_city": "NEWRY", "street_address1": "79 MILLTOWN STREET", "street_address2": "BURREN", "county": "Down", "date": "2021-03-16T19:24:41.642Z", "delivery_cost": "0.00", "order_total": "45.49", "grand_total": "45.49", "original_bag": "{\"bcb7e2e7-53b7-45a7-a2b3-004ed83e9a5d\": {\"product_size\": {\"S\": 1}}}", "stripe_pid": "pi_1IVhaBCznDimQa7lcDVZ2YYT"}}, {"model": "checkout.order", "pk": 66, "fields": {"order_number": "B6F93AB6D5AD4BE9B86F3095905C3022", "user_profile": null, "full_name": "PAULLOY", "email": "paulloy020896@gmail.com", "phone_number": "07484272789", "country": "GB", "postcode": "BT34 3PU", "town_or_city": "NEWRY", "street_address1": "79 MILLTOWN STREET", "street_address2": "BURREN", "county": "Down", "date": "2021-03-16T20:05:42.893Z", "delivery_cost": "0.00", "order_total": "17.50", "grand_total": "17.50", "original_bag": "{\"7d2ae007-ac89-4685-bc75-8ce60a926092\": {\"product_size\": {\"S\": 1}}}", "stripe_pid": "pi_1IVj8sCznDimQa7l9ipS51na"}}, {"model": "checkout.order", "pk": 67, "fields": {"order_number": "8B4F7294DEAD4A6A8512E831B214A408", "user_profile": null, "full_name": "PAUL", "email": "paulloy020896@gmail.com", "phone_number": "07484272789", "country": "GB", "postcode": "BT34 3PU", "town_or_city": "NEWRY", "street_address1": "79 MILLTOWN STREET", "street_address2": "BURREN", "county": "Down", "date": "2021-03-16T20:08:31.674Z", "delivery_cost": "0.00", "order_total": "107.49", "grand_total": "107.49", "original_bag": "{\"7d2ae007-ac89-4685-bc75-8ce60a926092\": {\"product_size\": {\"S\": 1}}, \"59e04418-356e-4320-9297-73c17e6fa0c9\": {\"product_size\": {\"M\": 1}}}", "stripe_pid": "pi_1IVjBcCznDimQa7le5D9zdqa"}}, {"model": "checkout.order", "pk": 68, "fields": {"order_number": "C75B07B1583C42DA9E5952A77576C5D2", "user_profile": null, "full_name": "PAULLOY", "email": "paulloy020896@gmail.com", "phone_number": "07484272789", "country": "GB", "postcode": "BT34 3PU", "town_or_city": "NEWRY", "street_address1": "79 MILLTOWN STREET", "street_address2": "BURREN", "county": "Down", "date": "2021-03-16T20:08:37.532Z", "delivery_cost": "0.00", "order_total": "107.49", "grand_total": "107.49", "original_bag": "{\"7d2ae007-ac89-4685-bc75-8ce60a926092\": {\"product_size\": {\"S\": 1}}, \"59e04418-356e-4320-9297-73c17e6fa0c9\": {\"product_size\": {\"M\": 1}}}", "stripe_pid": "pi_1IVjBcCznDimQa7le5D9zdqa"}}, {"model": "checkout.order", "pk": 69, "fields": {"order_number": "545CFC1BF09A46FCAC2D21A0D8FE3D00", "user_profile": null, "full_name": "JIMMY", "email": "paulloy020896@gmail.com", "phone_number": "07484272789", "country": "GB", "postcode": "BT34 3PU", "town_or_city": "NEWRY", "street_address1": "79 MILLTOWN STREET", "street_address2": "BURREN", "county": "Down", "date": "2021-03-16T20:12:17.949Z", "delivery_cost": "0.00", "order_total": "17.50", "grand_total": "17.50", "original_bag": "{\"7d2ae007-ac89-4685-bc75-8ce60a926092\": {\"product_size\": {\"S\": 1}}}", "stripe_pid": "pi_1IVjFCCznDimQa7lOXKFl2T0"}}, {"model": "checkout.order", "pk": 70, "fields": {"order_number": "D3179C12EFE64525836D128D0F42FDD5", "user_profile": null, "full_name": "JIMMYLOY", "email": "paulloy020896@gmail.com", "phone_number": "07484272789", "country": "GB", "postcode": "BT34 3PU", "town_or_city": "NEWRY", "street_address1": "79 MILLTOWN STREET", "street_address2": "BURREN", "county": "Down", "date": "2021-03-16T20:12:23.664Z", "delivery_cost": "0.00", "order_total": "17.50", "grand_total": "17.50", "original_bag": "{\"7d2ae007-ac89-4685-bc75-8ce60a926092\": {\"product_size\": {\"S\": 1}}}", "stripe_pid": "pi_1IVjFCCznDimQa7lOXKFl2T0"}}, {"model": "checkout.order", "pk": 71, "fields": {"order_number": "02C3629D4F984F48B267D0EFDA9B4BD5", "user_profile": null, "full_name": "Billy", "email": "dfgh@dfgh.cum", "phone_number": "07484272789", "country": "GB", "postcode": "BT34 3PU", "town_or_city": "NEWRY", "street_address1": "79 MILLTOWN STREET", "street_address2": "BURREN", "county": "Down", "date": "2021-03-16T20:13:31.367Z", "delivery_cost": "0.00", "order_total": "45.00", "grand_total": "45.00", "original_bag": "{\"a01026d8-b85c-4119-b62d-4d870281c641\": {\"product_size\": {\"M\": 1}}}", "stripe_pid": "pi_1IVjGFCznDimQa7lS9W5xMXY"}}, {"model": "checkout.order", "pk": 72, "fields": {"order_number": "414912442E904A85BA4360BB2AA86CF9", "user_profile": null, "full_name": "Billy", "email": "dfgh@dfgh.cum", "phone_number": "07484272789", "country": "GB", "postcode": "BT34 3PU", "town_or_city": "NEWRY", "street_address1": "79 MILLTOWN STREET", "street_address2": "BURREN", "county": "Down", "date": "2021-03-16T20:13:37.839Z", "delivery_cost": "0.00", "order_total": "45.00", "grand_total": "45.00", "original_bag": "{\"a01026d8-b85c-4119-b62d-4d870281c641\": {\"product_size\": {\"M\": 1}}}", "stripe_pid": "pi_1IVjGFCznDimQa7lS9W5xMXY"}}, {"model": "checkout.order", "pk": 73, "fields": {"order_number": "5F58ED13B0574C30A8BDED394B8203C3", "user_profile": null, "full_name": "ginger", "email": "sdfg@fghj.djh", "phone_number": "07484272789", "country": "GB", "postcode": "BT34 3PU", "town_or_city": "NEWRY", "street_address1": "79 MILLTOWN STREET", "street_address2": "BURREN", "county": "Down", "date": "2021-03-16T20:20:27.128Z", "delivery_cost": "0.00", "order_total": "45.00", "grand_total": "45.00", "original_bag": "{\"14f8e684-7f9a-4790-89b2-40499b88b1c8\": {\"product_size\": {\"M\": 1}}}", "stripe_pid": "pi_1IVjN4CznDimQa7lxCeSaQO1"}}, {"model": "checkout.order", "pk": 74, "fields": {"order_number": "4605DA81CEC64B0F8C8F59740AD7D1D6", "user_profile": null, "full_name": "ginger", "email": "sdfg@fghj.djh", "phone_number": "07484272789", "country": "GB", "postcode": "BT34 3PU", "town_or_city": "NEWRY", "street_address1": "79 MILLTOWN STREET", "street_address2": "BURREN", "county": "Down", "date": "2021-03-16T20:20:53.077Z", "delivery_cost": "0.00", "order_total": "45.00", "grand_total": "45.00", "original_bag": "{\"14f8e684-7f9a-4790-89b2-40499b88b1c8\": {\"product_size\": {\"M\": 1}}}", "stripe_pid": "pi_1IVjN4CznDimQa7lxCeSaQO1"}}, {"model": "checkout.order", "pk": 75, "fields": {"order_number": "1F77FD4EB4C74DA296773D38AD6D5A75", "user_profile": null, "full_name": "ginger", "email": "sdfg@fghj.djh", "phone_number": "07484272789", "country": "GB", "postcode": "BT34 3PU", "town_or_city": "NEWRY", "street_address1": "79 MILLTOWN STREET", "street_address2": "BURREN", "county": "Down", "date": "2021-03-16T20:22:04.100Z", "delivery_cost": "0.00", "order_total": "45.00", "grand_total": "45.00", "original_bag": "{\"14f8e684-7f9a-4790-89b2-40499b88b1c8\": {\"product_size\": {\"M\": 1}}}", "stripe_pid": "pi_1IVjN4CznDimQa7lxCeSaQO1"}}, {"model": "checkout.order", "pk": 76, "fields": {"order_number": "B9B5880C45A047CAAA534C2277F5C4A1", "user_profile": null, "full_name": "johnny", "email": "paulloy020896@gmail.com", "phone_number": "07484272789", "country": "GB", "postcode": "BT34 3PU", "town_or_city": "NEWRY", "street_address1": "79 MILLTOWN STREET", "street_address2": "BURREN", "county": "Down", "date": "2021-03-16T20:23:52.906Z", "delivery_cost": "0.00", "order_total": "57.98", "grand_total": "57.98", "original_bag": "{\"250a6f25-e600-4f3e-9845-497f55eb35ac\": {\"product_size\": {\"S\": 1}}}", "stripe_pid": "pi_1IVjQBCznDimQa7lsAOWkyUt"}}, {"model": "checkout.order", "pk": 77, "fields": {"order_number": "B7F1B25C601C403B9FC8834C7E1FDAF9", "user_profile": null, "full_name": "bob", "email": "paulloy020896@gmail.com", "phone_number": "07484272789", "country": "GB", "postcode": "BT34 3PU", "town_or_city": "NEWRY", "street_address1": "79 MILLTOWN STREET", "street_address2": "BURREN", "county": "Down", "date": "2021-03-16T20:25:30.616Z", "delivery_cost": "0.00", "order_total": "17.50", "grand_total": "17.50", "original_bag": "{\"d3bd7347-0417-4c01-b990-94414154377f\": {\"product_size\": {\"M\": 1}}}", "stripe_pid": "pi_1IVjRyCznDimQa7lyvIb5FSn"}}, {"model": "checkout.order", "pk": 78, "fields": {"order_number": "7A0888421EA74AE0AE21D1A0F0712606", "user_profile": null, "full_name": "PAUL", "email": "paulloy020896@gmail.com", "phone_number": "07484272789", "country": "GB", "postcode": "BT34 3PU", "town_or_city": "NEWRY", "street_address1": "79 MILLTOWN STREET", "street_address2": "BURREN", "county": "Down", "date": "2021-03-16T20:26:47.237Z", "delivery_cost": "0.00", "order_total": "17.50", "grand_total": "17.50", "original_bag": "{\"d3bd7347-0417-4c01-b990-94414154377f\": {\"product_size\": {\"M\": 1}}}", "stripe_pid": "pi_1IVjTKCznDimQa7lzVkorBXU"}}, {"model": "checkout.order", "pk": 79, "fields": {"order_number": "7B654DB2EB0543438F008A9F4DF20F4A", "user_profile": null, "full_name": "PAUL", "email": "paulloy020896@gmail.com", "phone_number": "07484272789", "country": "GB", "postcode": "BT34 3PU", "town_or_city": "NEWRY", "street_address1": "79 MILLTOWN STREET", "street_address2": "BURREN", "county": "Down", "date": "2021-03-16T20:46:53.665Z", "delivery_cost": "0.00", "order_total": "17.50", "grand_total": "17.50", "original_bag": "{\"d3bd7347-0417-4c01-b990-94414154377f\": {\"product_size\": {\"S\": 1}}}", "stripe_pid": "pi_1IVjmpCznDimQa7lZbJ15J6v"}}, {"model": "checkout.order", "pk": 80, "fields": {"order_number": "E2C243C1FAB547768301F39E3A5F65CF", "user_profile": null, "full_name": "JIMMY", "email": "paulloy020896@gmail.com", "phone_number": "07484272789", "country": "GB", "postcode": "BT34 3PU", "town_or_city": "NEWRY", "street_address1": "79 MILLTOWN STREET", "street_address2": "BURREN", "county": "Down", "date": "2021-03-16T20:48:02.895Z", "delivery_cost": "0.00", "order_total": "39.99", "grand_total": "39.99", "original_bag": "{\"9687bae6-3bd5-45b5-9fda-4c6d95d035f3\": {\"product_size\": {\"XL\": 1}}}", "stripe_pid": "pi_1IVjnnCznDimQa7l1TS6mnhe"}}, {"model": "checkout.order", "pk": 81, "fields": {"order_number": "1A4AF09E9D4F4CBC930A5836CB322D38", "user_profile": null, "full_name": "PAULLOY", "email": "paulloy020896@gmail.com", "phone_number": "07484272789", "country": "GB", "postcode": "BT34 3PU", "town_or_city": "NEWRY", "street_address1": "79 MILLTOWN STREET", "street_address2": "BURREN", "county": "Down", "date": "2021-03-16T21:04:27.677Z", "delivery_cost": "0.00", "order_total": "17.50", "grand_total": "17.50", "original_bag": "{\"7d2ae007-ac89-4685-bc75-8ce60a926092\": {\"product_size\": {\"S\": 1}}}", "stripe_pid": "pi_1IVj79CznDimQa7lrV6Sw9ph"}}, {"model": "checkout.order", "pk": 82, "fields": {"order_number": "F5F1E70733874A5798CA197711BA3F39", "user_profile": null, "full_name": "ginger", "email": "sdfg@fghj.djh", "phone_number": "07484272789", "country": "GB", "postcode": "BT34 3PU", "town_or_city": "NEWRY", "street_address1": "79 MILLTOWN STREET", "street_address2": "BURREN", "county": "Down", "date": "2021-03-16T21:21:16.120Z", "delivery_cost": "0.00", "order_total": "45.00", "grand_total": "45.00", "original_bag": "{\"14f8e684-7f9a-4790-89b2-40499b88b1c8\": {\"product_size\": {\"M\": 1}}}", "stripe_pid": "pi_1IVjN4CznDimQa7lxCeSaQO1"}}, {"model": "checkout.order", "pk": 83, "fields": {"order_number": "B7A433386A0948F4B65CC911BF276A0B", "user_profile": null, "full_name": "PAULLOY", "email": "paulloy020896@gmail.com", "phone_number": "07484272789", "country": "GB", "postcode": "BT34 3PU", "town_or_city": "NEWRY", "street_address1": "79 MILLTOWN STREET", "street_address2": "BURREN", "county": "Down", "date": "2021-03-16T21:30:41.710Z", "delivery_cost": "0.00", "order_total": "60.00", "grand_total": "60.00", "original_bag": "{\"1af4025f-33a0-4ed8-85cb-33a4ca2487ba\": {\"product_size\": {\"M\": 1}}}", "stripe_pid": "pi_1IVhgQCznDimQa7lNQRLfjwa"}}, {"model": "checkout.order", "pk": 84, "fields": {"order_number": "1D3516C8F427405794EC6F778EAF008C", "user_profile": null, "full_name": "PAULLOY", "email": "paulloy020896@gmail.com", "phone_number": "07484272789", "country": "GB", "postcode": "BT34 3PU", "town_or_city": "NEWRY", "street_address1": "79 MILLTOWN STREET", "street_address2": "BURREN", "county": "Down", "date": "2021-03-16T21:32:49.196Z", "delivery_cost": "0.00", "order_total": "84.99", "grand_total": "84.99", "original_bag": "{\"75198449-d4a4-4d14-93ca-0cac07862d2a\": {\"product_size\": {\"M\": 1}}}", "stripe_pid": "pi_1IVhifCznDimQa7lWH6nQIbo"}}, {"model": "checkout.order", "pk": 85, "fields": {"order_number": "C06ACFBBE0B74D97A94E925D6E017A1D", "user_profile": null, "full_name": "PAULLOY", "email": "paulloy020896@gmail.com", "phone_number": "07484272789", "country": "GB", "postcode": "BT34 3PU", "town_or_city": "NEWRY", "street_address1": "79 MILLTOWN STREET", "street_address2": "BURREN", "county": "Down", "date": "2021-03-16T21:33:36.520Z", "delivery_cost": "0.00", "order_total": "56.99", "grand_total": "56.99", "original_bag": "{\"198954f7-f6b2-44bf-859a-ed5b24d3fff1\": {\"product_size\": {\"XS\": 1}}}", "stripe_pid": "pi_1IVhjKCznDimQa7lqijwxxIM"}}, {"model": "checkout.order", "pk": 86, "fields": {"order_number": "71A00E71D4914053A6F0CF9290600083", "user_profile": null, "full_name": "PAULLOY", "email": "paulloy020896@gmail.com", "phone_number": "07484272789", "country": "GB", "postcode": "BT34 3PU", "town_or_city": "NEWRY", "street_address1": "79 MILLTOWN STREET", "street_address2": "BURREN", "county": "Down", "date": "2021-03-16T21:42:30.623Z", "delivery_cost": "0.00", "order_total": "45.49", "grand_total": "45.49", "original_bag": "{\"bcb7e2e7-53b7-45a7-a2b3-004ed83e9a5d\": {\"product_size\": {\"M\": 1}}}", "stripe_pid": "pi_1IVhobCznDimQa7l9UlPTjrR"}}, {"model": "checkout.order", "pk": 87, "fields": {"order_number": "2D9523845BEA4BE884D3D55B8E071215", "user_profile": null, "full_name": "PAUL", "email": "paulloy020896@gmail.com", "phone_number": "07484272789", "country": "GB", "postcode": "BT34 3PU", "town_or_city": "NEWRY", "street_address1": "79 MILLTOWN STREET", "street_address2": "BURREN", "county": "Down", "date": "2021-03-22T12:59:47.778Z", "delivery_cost": "0.00", "order_total": "115.96", "grand_total": "115.96", "original_bag": "{\"67fa1b75-93f5-4605-82ad-917f7b3976f3\": {\"product_size\": {}}, \"250a6f25-e600-4f3e-9845-497f55eb35ac\": {\"product_size\": {\"M\": 2}}}", "stripe_pid": "pi_1IXnLrCznDimQa7lp5UIkeci"}}, {"model": "checkout.order", "pk": 88, "fields": {"order_number": "067EF9895D784750A47FD8890FC6C8DA", "user_profile": null, "full_name": "PAUL", "email": "paulloy020896@gmail.com", "phone_number": "07484272789", "country": "GB", "postcode": "BT34 3PU", "town_or_city": "NEWRY", "street_address1": "79 MILLTOWN STREET", "street_address2": "BURREN", "county": "Down", "date": "2021-03-22T13:04:51.734Z", "delivery_cost": "0.00", "order_total": "115.96", "grand_total": "115.96", "original_bag": "{\"67fa1b75-93f5-4605-82ad-917f7b3976f3\": {\"product_size\": {}}, \"250a6f25-e600-4f3e-9845-497f55eb35ac\": {\"product_size\": {\"M\": 2}}}", "stripe_pid": "pi_1IXnQxCznDimQa7l85rOuByf"}}, {"model": "checkout.order", "pk": 89, "fields": {"order_number": "E85FF47F190A402AAF06B7FB8A9BD0D9", "user_profile": null, "full_name": "PAUL LOY", "email": "paulloy020896@gmail.com", "phone_number": "07484272789", "country": "GB", "postcode": "BT34 3PU", "town_or_city": "NEWRY", "street_address1": "79 MILLTOWN STREET", "street_address2": "BURREN", "county": "Down", "date": "2021-03-22T13:41:03.686Z", "delivery_cost": "0.00", "order_total": "45.49", "grand_total": "45.49", "original_bag": "{\"bcb7e2e7-53b7-45a7-a2b3-004ed83e9a5d\": {\"product_size\": {\"S\": 1}}}", "stripe_pid": "pi_1IXnzTCznDimQa7lj5W17j5v"}}, {"model": "checkout.order", "pk": 90, "fields": {"order_number": "F67BDBE23F1C41E69E799DD017F791E1", "user_profile": null, "full_name": "PAUL LOY", "email": "paulloy020896@gmail.com", "phone_number": "07484272789", "country": "GB", "postcode": "BT34 3PU", "town_or_city": "NEWRY", "street_address1": "79 MILLTOWN STREET", "street_address2": "BURREN", "county": "Down", "date": "2021-03-22T13:42:15.357Z", "delivery_cost": "0.00", "order_total": "49.95", "grand_total": "49.95", "original_bag": "{\"5b9904b8-0033-4c58-8784-587398a252f2\": {\"product_size\": {\"S\": 1}}}", "stripe_pid": "pi_1IXo0mCznDimQa7lPqpIdg3A"}}, {"model": "checkout.order", "pk": 91, "fields": {"order_number": "C9CC823224734CCDB9B452C47B949263", "user_profile": 3, "full_name": "PAUL LOY", "email": "paulloy020896@gmail.com", "phone_number": "07484272789", "country": "GB", "postcode": "BT34 3PU", "town_or_city": "NEWRY", "street_address1": "79 MILLTOWN STREET", "street_address2": "BURREN", "county": "Down", "date": "2021-03-22T13:55:20.591Z", "delivery_cost": "0.00", "order_total": "60.00", "grand_total": "60.00", "original_bag": "{\"1af4025f-33a0-4ed8-85cb-33a4ca2487ba\": {\"product_size\": {\"S\": 1}}}", "stripe_pid": "pi_1IXoDjCznDimQa7lys810pmX"}}, {"model": "checkout.order", "pk": 92, "fields": {"order_number": "781E0C27A2924C738AC265A90933CD7F", "user_profile": 3, "full_name": "PAUL LOY", "email": "paulloy020896@gmail.com", "phone_number": "07484272789", "country": "GB", "postcode": "BT34 3PU", "town_or_city": "NEWRY", "street_address1": "79 MILLTOWN STREET", "street_address2": "BURREN", "county": "Down", "date": "2021-03-22T13:55:50.256Z", "delivery_cost": "0.00", "order_total": "69.99", "grand_total": "69.99", "original_bag": "{\"610b4c2f-f619-4d2d-9d09-43acf1918e44\": {\"product_size\": {\"XS\": 1}}}", "stripe_pid": "pi_1IXoEDCznDimQa7lMcsXOWvo"}}, {"model": "checkout.order", "pk": 93, "fields": {"order_number": "E7CA4CD719A14E8EB9EC2A47D2170BAB", "user_profile": 3, "full_name": "PAUL LOY", "email": "paulloy020896@gmail.com", "phone_number": "07484272789", "country": "GB", "postcode": "BT34 3PU", "town_or_city": "NEWRY", "street_address1": "79 MILLTOWN STREET", "street_address2": "BURREN", "county": "Down", "date": "2021-03-22T18:38:30.689Z", "delivery_cost": "3.50", "order_total": "317.46", "grand_total": "320.96", "original_bag": "{\"198954f7-f6b2-44bf-859a-ed5b24d3fff1\": {\"product_size\": {\"S\": 1}}, \"59e04418-356e-4320-9297-73c17e6fa0c9\": {\"product_size\": {\"XS\": 1}}, \"bcb7e2e7-53b7-45a7-a2b3-004ed83e9a5d\": {\"product_size\": {\"L\": 1}}, \"cd16d5d1-7ce6-43bd-b7a4-f06a38369177\": {\"product_size\": {\"S\": 1}}, \"9543c28f-4ce7-4556-a7a3-7317b42633ce\": {\"product_size\": {\"XS\": 1}}}", "stripe_pid": "pi_1IXsZbCznDimQa7lTyBsz7io"}}, {"model": "checkout.order", "pk": 94, "fields": {"order_number": "8A46A64C447A46F6BE7084CFCE9FD614", "user_profile": null, "full_name": "PAUL LOY", "email": "paulloy020896@gmail.com", "phone_number": "07484272789", "country": "GB", "postcode": "BT34 3PU", "town_or_city": "NEWRY", "street_address1": "79 MILLTOWN STREET", "street_address2": "BURREN", "county": "Down", "date": "2021-03-22T19:26:44.233Z", "delivery_cost": "3.50", "order_total": "79.99", "grand_total": "83.49", "original_bag": "{\"ef893a45-9fad-47cc-9efd-a5aa73c4ccd7\": {\"product_size\": {\"XS\": 1}}}", "stripe_pid": "pi_1IXtOSCznDimQa7lno34yxI0"}}, {"model": "checkout.order", "pk": 95, "fields": {"order_number": "E5729AF8305D4DA6B961ED252D38FB5B", "user_profile": null, "full_name": "jimmy boi", "email": "johnny@bean.ie", "phone_number": "12345678", "country": "AF", "postcode": "bt343pu", "town_or_city": "thrth", "street_address1": "rthrth", "street_address2": null, "county": null, "date": "2021-03-22T19:31:23.673Z", "delivery_cost": "3.50", "order_total": "79.99", "grand_total": "83.49", "original_bag": "{\"ef893a45-9fad-47cc-9efd-a5aa73c4ccd7\": {\"product_size\": {\"XS\": 1}}}", "stripe_pid": "pi_1IXtP0CznDimQa7lNCT2kuNW"}}, {"model": "checkout.order", "pk": 96, "fields": {"order_number": "1B7549A9836F444D8F942D35884724B7", "user_profile": 3, "full_name": "PAUL LOY", "email": "paulloy020896@gmail.com", "phone_number": "07484272789", "country": "GB", "postcode": "BT34 3PU", "town_or_city": "NEWRY", "street_address1": "79 MILLTOWN STREET", "street_address2": "BURREN", "county": "Down", "date": "2021-03-22T19:32:49.089Z", "delivery_cost": "3.50", "order_total": "79.99", "grand_total": "83.49", "original_bag": "{\"ef893a45-9fad-47cc-9efd-a5aa73c4ccd7\": {\"product_size\": {\"XS\": 1}}}", "stripe_pid": "pi_1IXtUOCznDimQa7lHXm41vkK"}}, {"model": "checkout.order", "pk": 97, "fields": {"order_number": "BC7AC2669247461B8077557BD3743FB7", "user_profile": 3, "full_name": "PAUL LOY", "email": "paulloy020896@gmail.com", "phone_number": "07484272789", "country": "GB", "postcode": "BT34 3PU", "town_or_city": "NEWRY", "street_address1": "79 MILLTOWN STREET", "street_address2": "BURREN", "county": "Down", "date": "2021-03-22T19:44:53.202Z", "delivery_cost": "3.50", "order_total": "79.99", "grand_total": "83.49", "original_bag": "{\"cd16d5d1-7ce6-43bd-b7a4-f06a38369177\": {\"product_size\": {\"S\": 1}}}", "stripe_pid": "pi_1IXtg4CznDimQa7liXzYTw2a"}}, {"model": "checkout.order", "pk": 98, "fields": {"order_number": "3891CB6E4461423A821324B712171FFF", "user_profile": 3, "full_name": "PAUL LOY", "email": "paulloy020896@gmail.com", "phone_number": "07484272789", "country": "GB", "postcode": "BT34 3PU", "town_or_city": "NEWRY", "street_address1": "79 MILLTOWN STREET", "street_address2": "BURREN", "county": "Down", "date": "2021-03-22T20:11:15.615Z", "delivery_cost": "3.50", "order_total": "17.50", "grand_total": "21.00", "original_bag": "{\"455ebe3e-b7c6-45fc-a19e-658184a3cda0\": {\"product_size\": {\"S\": 1}}}", "stripe_pid": "pi_1IXu5eCznDimQa7lSAlTYvy2"}}, {"model": "checkout.order", "pk": 99, "fields": {"order_number": "874906E892E14CF5844D857FA6CC3394", "user_profile": null, "full_name": "PAUL LOY", "email": "paulloy020896@gmail.com", "phone_number": "07484272789", "country": "GB", "postcode": "BT34 3PU", "town_or_city": "NEWRY", "street_address1": "79 MILLTOWN STREET", "street_address2": "BURREN", "county": "Down", "date": "2021-03-22T20:18:13.192Z", "delivery_cost": "3.50", "order_total": "60.00", "grand_total": "63.50", "original_bag": "{\"1af4025f-33a0-4ed8-85cb-33a4ca2487ba\": {\"product_size\": {\"S\": 1}}}", "stripe_pid": "pi_1IXuC5CznDimQa7lnEgKannP"}}, {"model": "checkout.order", "pk": 100, "fields": {"order_number": "3D734DD93DCE4AF0B7A43D4822F67644", "user_profile": 3, "full_name": "PAUL LOY", "email": "paulloy020896@gmail.com", "phone_number": "07484272789", "country": "GB", "postcode": "BT34 3PU", "town_or_city": "NEWRY", "street_address1": "79 MILLTOWN STREET", "street_address2": "BURREN", "county": "Down", "date": "2021-03-22T20:35:16.340Z", "delivery_cost": "3.50", "order_total": "45.00", "grand_total": "48.50", "original_bag": "{\"9543c28f-4ce7-4556-a7a3-7317b42633ce\": {\"product_size\": {\"XL\": 1}}}", "stripe_pid": "pi_1IXuSrCznDimQa7lP1TpshTH"}}, {"model": "checkout.order", "pk": 101, "fields": {"order_number": "7B9C63064122403587DEF47D9B0D1D2E", "user_profile": null, "full_name": "PAUL LOY", "email": "paulloy020896@gmail.com", "phone_number": "07484272789", "country": "GB", "postcode": "BT34 3PU", "town_or_city": "NEWRY", "street_address1": "79 MILLTOWN STREET", "street_address2": "BURREN", "county": "Down", "date": "2021-03-22T20:36:24.258Z", "delivery_cost": "3.50", "order_total": "89.99", "grand_total": "93.49", "original_bag": "{\"59e04418-356e-4320-9297-73c17e6fa0c9\": {\"product_size\": {\"S\": 1}}}", "stripe_pid": "pi_1IXuTxCznDimQa7lXV5mqRy7"}}, {"model": "checkout.order", "pk": 102, "fields": {"order_number": "9CE5432575B74160972C15CB3504779E", "user_profile": 3, "full_name": "PAUL LOY", "email": "paulloy020896@gmail.com", "phone_number": "07484272789", "country": "GB", "postcode": "BT34 3PU", "town_or_city": "NEWRY", "street_address1": "79 MILLTOWN STREET", "street_address2": "BURREN", "county": "Down", "date": "2021-03-22T21:38:29.240Z", "delivery_cost": "3.50", "order_total": "35.00", "grand_total": "38.50", "original_bag": "{\"7d2ae007-ac89-4685-bc75-8ce60a926092\": {\"product_size\": {\"L\": 2}}}", "stripe_pid": "pi_1IXvS4CznDimQa7l6Fqy0ngx"}}, {"model": "checkout.order", "pk": 103, "fields": {"order_number": "09DA38EEFEC544EEBC3F7CA0C9DFAC73", "user_profile": null, "full_name": "PAUL LOY", "email": "paulloy020896@gmail.com", "phone_number": "07484272789", "country": "GB", "postcode": "BT34 3PU", "town_or_city": "NEWRY", "street_address1": "79 MILLTOWN STREET", "street_address2": "BURREN", "county": "Down", "date": "2021-03-23T19:02:30.362Z", "delivery_cost": "3.50", "order_total": "79.99", "grand_total": "83.49", "original_bag": "{\"0346c01b-52e4-431c-88d2-1a7d1e21e31b\": {\"product_size\": {\"XS\": 1}}}", "stripe_pid": "pi_1IYFUdCznDimQa7l2tSPBSKz"}}, {"model": "checkout.order", "pk": 104, "fields": {"order_number": "2A6521E5DC39479480A2259B3713DEDC", "user_profile": 3, "full_name": "PAUL LOY", "email": "paulloy020896@gmail.com", "phone_number": "07484272789", "country": "GB", "postcode": "BT34 3PU", "town_or_city": "NEWRY", "street_address1": "79 MILLTOWN STREET", "street_address2": "BURREN", "county": "Down", "date": "2021-03-23T19:03:09.798Z", "delivery_cost": "3.50", "order_total": "45.00", "grand_total": "48.50", "original_bag": "{\"2c0d7b17-9472-4421-b52f-4827767b4cda\": {\"product_size\": {\"S\": 1}}}", "stripe_pid": "pi_1IYFVICznDimQa7lZ8GKkEs5"}}, {"model": "checkout.order", "pk": 105, "fields": {"order_number": "A29C17F3146C4573A427A6C01DD8141A", "user_profile": 3, "full_name": "PAUL LOY", "email": "paulloy020896@gmail.com", "phone_number": "07484272789", "country": "GB", "postcode": "BT34 3PU", "town_or_city": "NEWRY", "street_address1": "79 MILLTOWN STREET", "street_address2": "BURREN", "county": "Down", "date": "2021-03-24T01:06:44.803Z", "delivery_cost": "3.50", "order_total": "91.98", "grand_total": "95.48", "original_bag": "{\"3ba91a2d-5a82-47c2-82f7-dedfeaeaa47f\": {\"product_size\": {\"M\": 1, \"XS\": 1}}}", "stripe_pid": "pi_1IYLB8CznDimQa7lRzpXfd0J"}}, {"model": "checkout.order", "pk": 106, "fields": {"order_number": "E743F3D987A440FA8AE4876858BBA0EB", "user_profile": 3, "full_name": "PAUL LOY", "email": "paulloy020896@gmail.com", "phone_number": "07484272789", "country": "GB", "postcode": "BT34 3PU", "town_or_city": "NEWRY", "street_address1": "79 MILLTOWN STREET", "street_address2": "BURREN", "county": "Down", "date": "2021-03-24T10:57:59.937Z", "delivery_cost": "3.50", "order_total": "79.99", "grand_total": "83.49", "original_bag": "{\"8e3faf35-6d6d-46d2-8390-4a773d239165\": {\"product_size\": {\"XS\": 1}}}", "stripe_pid": "pi_1IYUPJCznDimQa7l09nw1Fom"}}, {"model": "checkout.order", "pk": 107, "fields": {"order_number": "33455798C3314737A715EEFB39B5C23F", "user_profile": 3, "full_name": "jimmy", "email": "paulloy020896@gmail.com", "phone_number": "07484272789", "country": "GB", "postcode": "BT34 3PU", "town_or_city": "NEWRY", "street_address1": "79 MILLTOWN STREET", "street_address2": "BURREN", "county": "Down", "date": "2021-03-24T10:59:29.003Z", "delivery_cost": "3.50", "order_total": "120.00", "grand_total": "123.50", "original_bag": "{\"1af4025f-33a0-4ed8-85cb-33a4ca2487ba\": {\"product_size\": {\"S\": 2}}}", "stripe_pid": "pi_1IYUQhCznDimQa7ltMciyB8f"}}, {"model": "checkout.order", "pk": 108, "fields": {"order_number": "39BF8C4D8C9D48D99AFAC465E4830980", "user_profile": null, "full_name": "Hhhc", "email": "loypaul96@gmail.com", "phone_number": "07484272789", "country": "AS", "postcode": null, "town_or_city": "Hdhd", "street_address1": "Bdbdhdh", "street_address2": null, "county": null, "date": "2021-03-24T19:48:08.834Z", "delivery_cost": "3.50", "order_total": "459.95", "grand_total": "463.45", "original_bag": "{\"1af4025f-33a0-4ed8-85cb-33a4ca2487ba\": {\"product_size\": {\"M\": 1}}, \"cd16d5d1-7ce6-43bd-b7a4-f06a38369177\": {\"product_size\": {\"L\": 2, \"S\": 1, \"XS\": 1, \"M\": 1}}}", "stripe_pid": "pi_1IYcffCznDimQa7lpkznZLDW"}}, {"model": "checkout.order", "pk": 109, "fields": {"order_number": "1F163F274BD64CB4AFE771351C49EC10", "user_profile": null, "full_name": "gggg", "email": "paulloy020896@gmail.com", "phone_number": "07484272789", "country": "AD", "postcode": null, "town_or_city": "bdbbd", "street_address1": "bsbbs", "street_address2": null, "county": null, "date": "2021-03-24T19:53:07.353Z", "delivery_cost": "3.50", "order_total": "90.98", "grand_total": "94.48", "original_bag": "{\"bcb7e2e7-53b7-45a7-a2b3-004ed83e9a5d\": {\"product_size\": {\"M\": 2}}}", "stripe_pid": "pi_1IYckeCznDimQa7lGuMUt3PE"}}, {"model": "checkout.order", "pk": 110, "fields": {"order_number": "EE002EDAD42448EFB3906AEAE31CC1F0", "user_profile": null, "full_name": "Paul Loy", "email": "paulloy020896@gmail.com", "phone_number": "07484272789", "country": "GB", "postcode": "BT34 3PU", "town_or_city": "Newry", "street_address1": "79 Milltown street", "street_address2": "Burren", "county": "Down", "date": "2021-03-24T21:53:44.955Z", "delivery_cost": "3.50", "order_total": "229.98", "grand_total": "233.48", "original_bag": "{\"7452b8d6-5c7f-49b1-aeb9-85176e03d454\": {\"product_size\": {\"false\": 3}}, \"75198449-d4a4-4d14-93ca-0cac07862d2a\": {\"product_size\": {\"XL\": 2}}}", "stripe_pid": "pi_1IYedZCznDimQa7lsaWW1NsR"}}, {"model": "checkout.order", "pk": 111, "fields": {"order_number": "D7B2AE8D9BD143F3A2F7B917D756FBD3", "user_profile": 3, "full_name": "PAUL LOY", "email": "paulloy020896@gmail.com", "phone_number": "07484272789", "country": "GB", "postcode": "BT34 3PU", "town_or_city": "NEWRY", "street_address1": "79 MILLTOWN STREET", "street_address2": "BURREN", "county": "Down", "date": "2021-03-24T22:44:46.910Z", "delivery_cost": "3.50", "order_total": "169.98", "grand_total": "173.48", "original_bag": "{\"75198449-d4a4-4d14-93ca-0cac07862d2a\": {\"product_size\": {\"M\": 2}}}", "stripe_pid": "pi_1IYfR4CznDimQa7lljtL0nhY"}}, {"model": "checkout.orderlineitem", "pk": 41, "fields": {"order": 38, "product": "250a6f25-e600-4f3e-9845-497f55eb35ac", "product_size": "S", "quantity": 1, "lineitem_total": "57.98"}}, {"model": "checkout.orderlineitem", "pk": 42, "fields": {"order": 38, "product": "250a6f25-e600-4f3e-9845-497f55eb35ac", "product_size": "M", "quantity": 3, "lineitem_total": "173.94"}}, {"model": "checkout.orderlineitem", "pk": 43, "fields": {"order": 38, "product": "cd16d5d1-7ce6-43bd-b7a4-f06a38369177", "product_size": "M", "quantity": 1, "lineitem_total": "79.99"}}, {"model": "checkout.orderlineitem", "pk": 44, "fields": {"order": 39, "product": "bcb7e2e7-53b7-45a7-a2b3-004ed83e9a5d", "product_size": "XS", "quantity": 1, "lineitem_total": "45.49"}}, {"model": "checkout.orderlineitem", "pk": 45, "fields": {"order": 40, "product": "bcb7e2e7-53b7-45a7-a2b3-004ed83e9a5d", "product_size": "L", "quantity": 1, "lineitem_total": "45.49"}}, {"model": "checkout.orderlineitem", "pk": 46, "fields": {"order": 41, "product": "7a1fadfc-b9d9-4490-b072-46990b6a6217", "product_size": "S", "quantity": 1, "lineitem_total": "24.75"}}, {"model": "checkout.orderlineitem", "pk": 47, "fields": {"order": 42, "product": "7a1fadfc-b9d9-4490-b072-46990b6a6217", "product_size": "S", "quantity": 1, "lineitem_total": "24.75"}}, {"model": "checkout.orderlineitem", "pk": 48, "fields": {"order": 42, "product": "d3bd7347-0417-4c01-b990-94414154377f", "product_size": "L", "quantity": 1, "lineitem_total": "17.50"}}, {"model": "checkout.orderlineitem", "pk": 49, "fields": {"order": 43, "product": "86222dab-d4b5-454f-82ad-45bd585ffabf", "product_size": "S", "quantity": 1, "lineitem_total": "80.00"}}, {"model": "checkout.orderlineitem", "pk": 50, "fields": {"order": 44, "product": "bcb7e2e7-53b7-45a7-a2b3-004ed83e9a5d", "product_size": "S", "quantity": 2, "lineitem_total": "90.98"}}, {"model": "checkout.orderlineitem", "pk": 51, "fields": {"order": 45, "product": "92830818-624a-4694-96ae-0614ba1aaf91", "product_size": "S", "quantity": 1, "lineitem_total": "54.99"}}, {"model": "checkout.orderlineitem", "pk": 52, "fields": {"order": 45, "product": "a28a74ec-a7f6-45fe-8b40-6ab203b91c2e", "product_size": "false", "quantity": 1, "lineitem_total": "69.99"}}, {"model": "checkout.orderlineitem", "pk": 53, "fields": {"order": 46, "product": "ae2df9c9-c238-46b3-b8d8-af04898cfc94", "product_size": "S", "quantity": 1, "lineitem_total": "17.50"}}, {"model": "checkout.orderlineitem", "pk": 54, "fields": {"order": 47, "product": "eff3cfc4-1385-4bcb-bb99-005cc1a9abeb", "product_size": "S", "quantity": 1, "lineitem_total": "30.00"}}, {"model": "checkout.orderlineitem", "pk": 55, "fields": {"order": 48, "product": "0346c01b-52e4-431c-88d2-1a7d1e21e31b", "product_size": "XS", "quantity": 1, "lineitem_total": "79.99"}}, {"model": "checkout.orderlineitem", "pk": 56, "fields": {"order": 49, "product": "250a6f25-e600-4f3e-9845-497f55eb35ac", "product_size": "L", "quantity": 1, "lineitem_total": "57.98"}}, {"model": "checkout.orderlineitem", "pk": 57, "fields": {"order": 50, "product": "9543c28f-4ce7-4556-a7a3-7317b42633ce", "product_size": "L", "quantity": 1, "lineitem_total": "45.00"}}, {"model": "checkout.orderlineitem", "pk": 58, "fields": {"order": 51, "product": "1af4025f-33a0-4ed8-85cb-33a4ca2487ba", "product_size": "S", "quantity": 1, "lineitem_total": "60.00"}}, {"model": "checkout.orderlineitem", "pk": 59, "fields": {"order": 52, "product": "bcb7e2e7-53b7-45a7-a2b3-004ed83e9a5d", "product_size": "S", "quantity": 1, "lineitem_total": "45.49"}}, {"model": "checkout.orderlineitem", "pk": 60, "fields": {"order": 53, "product": "1af4025f-33a0-4ed8-85cb-33a4ca2487ba", "product_size": "M", "quantity": 1, "lineitem_total": "60.00"}}, {"model": "checkout.orderlineitem", "pk": 61, "fields": {"order": 54, "product": "75198449-d4a4-4d14-93ca-0cac07862d2a", "product_size": "M", "quantity": 1, "lineitem_total": "84.99"}}, {"model": "checkout.orderlineitem", "pk": 62, "fields": {"order": 55, "product": "198954f7-f6b2-44bf-859a-ed5b24d3fff1", "product_size": "XS", "quantity": 1, "lineitem_total": "56.99"}}, {"model": "checkout.orderlineitem", "pk": 63, "fields": {"order": 56, "product": "bcb7e2e7-53b7-45a7-a2b3-004ed83e9a5d", "product_size": "M", "quantity": 1, "lineitem_total": "45.49"}}, {"model": "checkout.orderlineitem", "pk": 64, "fields": {"order": 57, "product": "cd16d5d1-7ce6-43bd-b7a4-f06a38369177", "product_size": "XS", "quantity": 1, "lineitem_total": "79.99"}}, {"model": "checkout.orderlineitem", "pk": 65, "fields": {"order": 58, "product": "cd16d5d1-7ce6-43bd-b7a4-f06a38369177", "product_size": "XS", "quantity": 1, "lineitem_total": "79.99"}}, {"model": "checkout.orderlineitem", "pk": 66, "fields": {"order": 59, "product": "92830818-624a-4694-96ae-0614ba1aaf91", "product_size": "XL", "quantity": 1, "lineitem_total": "54.99"}}, {"model": "checkout.orderlineitem", "pk": 67, "fields": {"order": 60, "product": "92830818-624a-4694-96ae-0614ba1aaf91", "product_size": "XL", "quantity": 1, "lineitem_total": "54.99"}}, {"model": "checkout.orderlineitem", "pk": 68, "fields": {"order": 61, "product": "9687bae6-3bd5-45b5-9fda-4c6d95d035f3", "product_size": "XS", "quantity": 1, "lineitem_total": "39.99"}}, {"model": "checkout.orderlineitem", "pk": 69, "fields": {"order": 62, "product": "ae9bfc3c-195f-4f66-b2be-42c793b72e69", "product_size": "S", "quantity": 1, "lineitem_total": "17.50"}}, {"model": "checkout.orderlineitem", "pk": 70, "fields": {"order": 63, "product": "ae9bfc3c-195f-4f66-b2be-42c793b72e69", "product_size": "S", "quantity": 1, "lineitem_total": "17.50"}}, {"model": "checkout.orderlineitem", "pk": 71, "fields": {"order": 64, "product": "1af4025f-33a0-4ed8-85cb-33a4ca2487ba", "product_size": "S", "quantity": 1, "lineitem_total": "60.00"}}, {"model": "checkout.orderlineitem", "pk": 72, "fields": {"order": 65, "product": "bcb7e2e7-53b7-45a7-a2b3-004ed83e9a5d", "product_size": "S", "quantity": 1, "lineitem_total": "45.49"}}, {"model": "checkout.orderlineitem", "pk": 73, "fields": {"order": 66, "product": "7d2ae007-ac89-4685-bc75-8ce60a926092", "product_size": "S", "quantity": 1, "lineitem_total": "17.50"}}, {"model": "checkout.orderlineitem", "pk": 74, "fields": {"order": 67, "product": "7d2ae007-ac89-4685-bc75-8ce60a926092", "product_size": "S", "quantity": 1, "lineitem_total": "17.50"}}, {"model": "checkout.orderlineitem", "pk": 75, "fields": {"order": 67, "product": "59e04418-356e-4320-9297-73c17e6fa0c9", "product_size": "M", "quantity": 1, "lineitem_total": "89.99"}}, {"model": "checkout.orderlineitem", "pk": 76, "fields": {"order": 68, "product": "7d2ae007-ac89-4685-bc75-8ce60a926092", "product_size": "S", "quantity": 1, "lineitem_total": "17.50"}}, {"model": "checkout.orderlineitem", "pk": 77, "fields": {"order": 68, "product": "59e04418-356e-4320-9297-73c17e6fa0c9", "product_size": "M", "quantity": 1, "lineitem_total": "89.99"}}, {"model": "checkout.orderlineitem", "pk": 78, "fields": {"order": 69, "product": "7d2ae007-ac89-4685-bc75-8ce60a926092", "product_size": "S", "quantity": 1, "lineitem_total": "17.50"}}, {"model": "checkout.orderlineitem", "pk": 79, "fields": {"order": 70, "product": "7d2ae007-ac89-4685-bc75-8ce60a926092", "product_size": "S", "quantity": 1, "lineitem_total": "17.50"}}, {"model": "checkout.orderlineitem", "pk": 80, "fields": {"order": 71, "product": "a01026d8-b85c-4119-b62d-4d870281c641", "product_size": "M", "quantity": 1, "lineitem_total": "45.00"}}, {"model": "checkout.orderlineitem", "pk": 81, "fields": {"order": 72, "product": "a01026d8-b85c-4119-b62d-4d870281c641", "product_size": "M", "quantity": 1, "lineitem_total": "45.00"}}, {"model": "checkout.orderlineitem", "pk": 82, "fields": {"order": 73, "product": "14f8e684-7f9a-4790-89b2-40499b88b1c8", "product_size": "M", "quantity": 1, "lineitem_total": "45.00"}}, {"model": "checkout.orderlineitem", "pk": 83, "fields": {"order": 74, "product": "14f8e684-7f9a-4790-89b2-40499b88b1c8", "product_size": "M", "quantity": 1, "lineitem_total": "45.00"}}, {"model": "checkout.orderlineitem", "pk": 84, "fields": {"order": 75, "product": "14f8e684-7f9a-4790-89b2-40499b88b1c8", "product_size": "M", "quantity": 1, "lineitem_total": "45.00"}}, {"model": "checkout.orderlineitem", "pk": 85, "fields": {"order": 76, "product": "250a6f25-e600-4f3e-9845-497f55eb35ac", "product_size": "S", "quantity": 1, "lineitem_total": "57.98"}}, {"model": "checkout.orderlineitem", "pk": 86, "fields": {"order": 77, "product": "d3bd7347-0417-4c01-b990-94414154377f", "product_size": "M", "quantity": 1, "lineitem_total": "17.50"}}, {"model": "checkout.orderlineitem", "pk": 87, "fields": {"order": 78, "product": "d3bd7347-0417-4c01-b990-94414154377f", "product_size": "M", "quantity": 1, "lineitem_total": "17.50"}}, {"model": "checkout.orderlineitem", "pk": 88, "fields": {"order": 79, "product": "d3bd7347-0417-4c01-b990-94414154377f", "product_size": "S", "quantity": 1, "lineitem_total": "17.50"}}, {"model": "checkout.orderlineitem", "pk": 89, "fields": {"order": 80, "product": "9687bae6-3bd5-45b5-9fda-4c6d95d035f3", "product_size": "XL", "quantity": 1, "lineitem_total": "39.99"}}, {"model": "checkout.orderlineitem", "pk": 90, "fields": {"order": 81, "product": "7d2ae007-ac89-4685-bc75-8ce60a926092", "product_size": "S", "quantity": 1, "lineitem_total": "17.50"}}, {"model": "checkout.orderlineitem", "pk": 91, "fields": {"order": 82, "product": "14f8e684-7f9a-4790-89b2-40499b88b1c8", "product_size": "M", "quantity": 1, "lineitem_total": "45.00"}}, {"model": "checkout.orderlineitem", "pk": 92, "fields": {"order": 83, "product": "1af4025f-33a0-4ed8-85cb-33a4ca2487ba", "product_size": "M", "quantity": 1, "lineitem_total": "60.00"}}, {"model": "checkout.orderlineitem", "pk": 93, "fields": {"order": 84, "product": "75198449-d4a4-4d14-93ca-0cac07862d2a", "product_size": "M", "quantity": 1, "lineitem_total": "84.99"}}, {"model": "checkout.orderlineitem", "pk": 94, "fields": {"order": 85, "product": "198954f7-f6b2-44bf-859a-ed5b24d3fff1", "product_size": "XS", "quantity": 1, "lineitem_total": "56.99"}}, {"model": "checkout.orderlineitem", "pk": 95, "fields": {"order": 86, "product": "bcb7e2e7-53b7-45a7-a2b3-004ed83e9a5d", "product_size": "M", "quantity": 1, "lineitem_total": "45.49"}}, {"model": "checkout.orderlineitem", "pk": 96, "fields": {"order": 87, "product": "250a6f25-e600-4f3e-9845-497f55eb35ac", "product_size": "M", "quantity": 2, "lineitem_total": "115.96"}}, {"model": "checkout.orderlineitem", "pk": 97, "fields": {"order": 88, "product": "250a6f25-e600-4f3e-9845-497f55eb35ac", "product_size": "M", "quantity": 2, "lineitem_total": "115.96"}}, {"model": "checkout.orderlineitem", "pk": 98, "fields": {"order": 89, "product": "bcb7e2e7-53b7-45a7-a2b3-004ed83e9a5d", "product_size": "S", "quantity": 1, "lineitem_total": "45.49"}}, {"model": "checkout.orderlineitem", "pk": 99, "fields": {"order": 90, "product": "5b9904b8-0033-4c58-8784-587398a252f2", "product_size": "S", "quantity": 1, "lineitem_total": "49.95"}}, {"model": "checkout.orderlineitem", "pk": 100, "fields": {"order": 91, "product": "1af4025f-33a0-4ed8-85cb-33a4ca2487ba", "product_size": "S", "quantity": 1, "lineitem_total": "60.00"}}, {"model": "checkout.orderlineitem", "pk": 101, "fields": {"order": 92, "product": "610b4c2f-f619-4d2d-9d09-43acf1918e44", "product_size": "XS", "quantity": 1, "lineitem_total": "69.99"}}, {"model": "checkout.orderlineitem", "pk": 102, "fields": {"order": 93, "product": "198954f7-f6b2-44bf-859a-ed5b24d3fff1", "product_size": "S", "quantity": 1, "lineitem_total": "56.99"}}, {"model": "checkout.orderlineitem", "pk": 103, "fields": {"order": 93, "product": "59e04418-356e-4320-9297-73c17e6fa0c9", "product_size": "XS", "quantity": 1, "lineitem_total": "89.99"}}, {"model": "checkout.orderlineitem", "pk": 104, "fields": {"order": 93, "product": "bcb7e2e7-53b7-45a7-a2b3-004ed83e9a5d", "product_size": "L", "quantity": 1, "lineitem_total": "45.49"}}, {"model": "checkout.orderlineitem", "pk": 105, "fields": {"order": 93, "product": "cd16d5d1-7ce6-43bd-b7a4-f06a38369177", "product_size": "S", "quantity": 1, "lineitem_total": "79.99"}}, {"model": "checkout.orderlineitem", "pk": 106, "fields": {"order": 93, "product": "9543c28f-4ce7-4556-a7a3-7317b42633ce", "product_size": "XS", "quantity": 1, "lineitem_total": "45.00"}}, {"model": "checkout.orderlineitem", "pk": 107, "fields": {"order": 94, "product": "ef893a45-9fad-47cc-9efd-a5aa73c4ccd7", "product_size": "XS", "quantity": 1, "lineitem_total": "79.99"}}, {"model": "checkout.orderlineitem", "pk": 108, "fields": {"order": 95, "product": "ef893a45-9fad-47cc-9efd-a5aa73c4ccd7", "product_size": "XS", "quantity": 1, "lineitem_total": "79.99"}}, {"model": "checkout.orderlineitem", "pk": 109, "fields": {"order": 96, "product": "ef893a45-9fad-47cc-9efd-a5aa73c4ccd7", "product_size": "XS", "quantity": 1, "lineitem_total": "79.99"}}, {"model": "checkout.orderlineitem", "pk": 110, "fields": {"order": 97, "product": "cd16d5d1-7ce6-43bd-b7a4-f06a38369177", "product_size": "S", "quantity": 1, "lineitem_total": "79.99"}}, {"model": "checkout.orderlineitem", "pk": 111, "fields": {"order": 98, "product": "455ebe3e-b7c6-45fc-a19e-658184a3cda0", "product_size": "S", "quantity": 1, "lineitem_total": "17.50"}}, {"model": "checkout.orderlineitem", "pk": 112, "fields": {"order": 99, "product": "1af4025f-33a0-4ed8-85cb-33a4ca2487ba", "product_size": "S", "quantity": 1, "lineitem_total": "60.00"}}, {"model": "checkout.orderlineitem", "pk": 113, "fields": {"order": 100, "product": "9543c28f-4ce7-4556-a7a3-7317b42633ce", "product_size": "XL", "quantity": 1, "lineitem_total": "45.00"}}, {"model": "checkout.orderlineitem", "pk": 114, "fields": {"order": 101, "product": "59e04418-356e-4320-9297-73c17e6fa0c9", "product_size": "S", "quantity": 1, "lineitem_total": "89.99"}}, {"model": "checkout.orderlineitem", "pk": 115, "fields": {"order": 102, "product": "7d2ae007-ac89-4685-bc75-8ce60a926092", "product_size": "L", "quantity": 2, "lineitem_total": "35.00"}}, {"model": "checkout.orderlineitem", "pk": 116, "fields": {"order": 103, "product": "0346c01b-52e4-431c-88d2-1a7d1e21e31b", "product_size": "XS", "quantity": 1, "lineitem_total": "79.99"}}, {"model": "checkout.orderlineitem", "pk": 117, "fields": {"order": 104, "product": "2c0d7b17-9472-4421-b52f-4827767b4cda", "product_size": "S", "quantity": 1, "lineitem_total": "45.00"}}, {"model": "checkout.orderlineitem", "pk": 118, "fields": {"order": 105, "product": "3ba91a2d-5a82-47c2-82f7-dedfeaeaa47f", "product_size": "M", "quantity": 1, "lineitem_total": "45.99"}}, {"model": "checkout.orderlineitem", "pk": 119, "fields": {"order": 105, "product": "3ba91a2d-5a82-47c2-82f7-dedfeaeaa47f", "product_size": "XS", "quantity": 1, "lineitem_total": "45.99"}}, {"model": "checkout.orderlineitem", "pk": 120, "fields": {"order": 106, "product": "8e3faf35-6d6d-46d2-8390-4a773d239165", "product_size": "XS", "quantity": 1, "lineitem_total": "79.99"}}, {"model": "checkout.orderlineitem", "pk": 121, "fields": {"order": 107, "product": "1af4025f-33a0-4ed8-85cb-33a4ca2487ba", "product_size": "S", "quantity": 2, "lineitem_total": "120.00"}}, {"model": "checkout.orderlineitem", "pk": 122, "fields": {"order": 108, "product": "1af4025f-33a0-4ed8-85cb-33a4ca2487ba", "product_size": "M", "quantity": 1, "lineitem_total": "60.00"}}, {"model": "checkout.orderlineitem", "pk": 123, "fields": {"order": 108, "product": "cd16d5d1-7ce6-43bd-b7a4-f06a38369177", "product_size": "L", "quantity": 2, "lineitem_total": "159.98"}}, {"model": "checkout.orderlineitem", "pk": 124, "fields": {"order": 108, "product": "cd16d5d1-7ce6-43bd-b7a4-f06a38369177", "product_size": "S", "quantity": 1, "lineitem_total": "79.99"}}, {"model": "checkout.orderlineitem", "pk": 125, "fields": {"order": 108, "product": "cd16d5d1-7ce6-43bd-b7a4-f06a38369177", "product_size": "XS", "quantity": 1, "lineitem_total": "79.99"}}, {"model": "checkout.orderlineitem", "pk": 126, "fields": {"order": 108, "product": "cd16d5d1-7ce6-43bd-b7a4-f06a38369177", "product_size": "M", "quantity": 1, "lineitem_total": "79.99"}}, {"model": "checkout.orderlineitem", "pk": 127, "fields": {"order": 109, "product": "bcb7e2e7-53b7-45a7-a2b3-004ed83e9a5d", "product_size": "M", "quantity": 2, "lineitem_total": "90.98"}}, {"model": "checkout.orderlineitem", "pk": 128, "fields": {"order": 110, "product": "7452b8d6-5c7f-49b1-aeb9-85176e03d454", "product_size": "false", "quantity": 3, "lineitem_total": "60.00"}}, {"model": "checkout.orderlineitem", "pk": 129, "fields": {"order": 110, "product": "75198449-d4a4-4d14-93ca-0cac07862d2a", "product_size": "XL", "quantity": 2, "lineitem_total": "169.98"}}, {"model": "checkout.orderlineitem", "pk": 130, "fields": {"order": 111, "product": "75198449-d4a4-4d14-93ca-0cac07862d2a", "product_size": "M", "quantity": 2, "lineitem_total": "169.98"}}, {"model": "profiles.userprofile", "pk": 3, "fields": {"user": 3, "default_full_name": "PAUL LOY", "default_email": "paulloy020896@gmail.com", "default_phone_number": "07484272789", "default_street_address1": "79 MILLTOWN STREET", "default_street_address2": "BURREN", "default_town_or_city": "NEWRY", "default_postcode": "BT34 3PU", "default_county": "Down", "default_country": "GB"}}]